commune_id,immagine
0,http://spod.databenc.it/ethersheet/images/2ad0752e-e8ac-4292-b220-0bbea9d33372/3ea456cf-c07c-4470-8e8f-d85303369596.jpg
1,http://spod.databenc.it/ethersheet/images/2ad0752e-e8ac-4292-b220-0bbea9d33372/c678dde9-72aa-4f67-9b01-a57c10f4b5f2.jpg
2,http://spod.databenc.it/ethersheet/images/2ad0752e-e8ac-4292-b220-0bbea9d33372/504e11f7-5d1f-4132-b6f1-d11fde03172b.jpg
3,http://spod.databenc.it/ethersheet/images/2ad0752e-e8ac-4292-b220-0bbea9d33372/36b0fe3e-88f3-4168-9769-60217ceb7f79.jpg
4,http://spod.databenc.it/ethersheet/images/2ad0752e-e8ac-4292-b220-0bbea9d33372/47d536f7-0c87-4069-bbea-427d46f8c244.jpg
5,http://spod.databenc.it/ethersheet/images/2ad0752e-e8ac-4292-b220-0bbea9d33372/350a5f76-29ae-4e3e-b6ff-1eab24d7c59f.jpg
6,http://spod.databenc.it/ethersheet/images/2ad0752e-e8ac-4292-b220-0bbea9d33372/161a1991-f887-4510-a262-eb6d3d38581c.jpg
7,http://spod.databenc.it/ethersheet/images/2ad0752e-e8ac-4292-b220-0bbea9d33372/bf0a3efe-d46c-402a-80df-036913cd13b2.jpg
8,http://spod.databenc.it/ethersheet/images/2ad0752e-e8ac-4292-b220-0bbea9d33372/fa364c13-c35b-44c3-96f3-d076f45402a4.jpg
9,http://spod.databenc.it/ethersheet/images/2ad0752e-e8ac-4292-b220-0bbea9d33372/a04d821c-21e5-4110-ae23-894c751f1153.jpg
10,http://spod.databenc.it/ethersheet/images/a9899a63-df55-4446-9eeb-187a042b6f6b/17e5e2d1-3ed8-43ea-b821-fb0072942220.jpeg
11,http://spod.databenc.it/ethersheet/images/2ad0752e-e8ac-4292-b220-0bbea9d33372/5fecdfab-6b02-4c90-9b5e-4c2746d26920.jpg
12,http://spod.databenc.it/ethersheet/images/2ad0752e-e8ac-4292-b220-0bbea9d33372/273adc7c-d0fc-4a4b-840c-af4d42387908.jpg
13,http://spod.databenc.it/ethersheet/images/2ad0752e-e8ac-4292-b220-0bbea9d33372/7ef5e5bb-f5d7-4828-a6f2-d27318b245a4.jpg
14,http://spod.databenc.it/ethersheet/images/a9899a63-df55-4446-9eeb-187a042b6f6b/4376c061-055e-49b0-bde8-79850f0a3250.jpeg
15,http://spod.databenc.it/ethersheet/images/2ad0752e-e8ac-4292-b220-0bbea9d33372/69130490-a346-4b2a-8998-10c24d67b04b.jpg
16,http://spod.databenc.it/ethersheet/images/2ad0752e-e8ac-4292-b220-0bbea9d33372/ffab66cc-e1e8-456f-998e-6c9fe8486bc0.jpg
17,http://spod.databenc.it/ethersheet/images/2ad0752e-e8ac-4292-b220-0bbea9d33372/ae892b83-c8ac-40b8-ad44-8ac1f00993c2.jpg
18,http://spod.databenc.it/ethersheet/images/2ad0752e-e8ac-4292-b220-0bbea9d33372/1c1db2fc-1bb6-4d0b-97b4-7b5d28e9e8a1.jpg
19,http://spod.databenc.it/ethersheet/images/2ad0752e-e8ac-4292-b220-0bbea9d33372/095c049b-da2f-48fd-b819-1161968726f2.jpg
20,http://spod.databenc.it/ethersheet/images/2ad0752e-e8ac-4292-b220-0bbea9d33372/4daac319-9561-435a-87ce-61c6f5c8d2d0.jpg
21,http://spod.databenc.it/ethersheet/images/2ad0752e-e8ac-4292-b220-0bbea9d33372/cc14c4dd-6ff6-473d-b753-bae5874cc485.jpg
22,http://spod.databenc.it/ethersheet/images/a9899a63-df55-4446-9eeb-187a042b6f6b/2908b2c7-d8f2-4680-8ad4-d7ad7ad6b07c.jpeg
23,http://spod.databenc.it/ethersheet/images/2ad0752e-e8ac-4292-b220-0bbea9d33372/ef0b485d-501c-4168-8039-c187e764344a.jpg
24,http://spod.databenc.it/ethersheet/images/2ad0752e-e8ac-4292-b220-0bbea9d33372/b744e22d-ec3c-4872-80b3-22cb4d459e95.jpg
25,http://spod.databenc.it/ethersheet/images/2ad0752e-e8ac-4292-b220-0bbea9d33372/d4b86d3d-93b3-48cd-861a-63698fe7311c.jpg
26,http://spod.databenc.it/ethersheet/images/a9899a63-df55-4446-9eeb-187a042b6f6b/476b1314-da3d-4d6b-b6ca-34081b434533.jpeg
27,http://spod.databenc.it/ethersheet/images/2ad0752e-e8ac-4292-b220-0bbea9d33372/917f201e-2143-48bd-bdb5-0b613b60b571.jpeg
28,http://spod.databenc.it/ethersheet/images/2ad0752e-e8ac-4292-b220-0bbea9d33372/7b88b273-8856-4904-a5ce-d57504027012.jpg
29,http://spod.databenc.it/ethersheet/images/2ad0752e-e8ac-4292-b220-0bbea9d33372/dab22809-d4d5-4610-9e3c-2b02f799adb9.jpg
30,http://spod.databenc.it/ethersheet/images/2ad0752e-e8ac-4292-b220-0bbea9d33372/554cf20d-3b9e-4944-a044-816b71c264d4.jpg
31,http://spod.databenc.it/ethersheet/images/c7a46cd1-c4ce-4cee-ab05-f0d810accfc7/743cf792-1cf5-4afc-8563-d94e5ccfd6ce.jpg
32,http://spod.databenc.it/ethersheet/images/c7a46cd1-c4ce-4cee-ab05-f0d810accfc7/c5a6e411-3152-48bf-916f-736998508cda.jpg
33,http://spod.databenc.it/ethersheet/images/c7a46cd1-c4ce-4cee-ab05-f0d810accfc7/73ec1d1b-ac33-48fb-9c1a-95aaff837a5b.jpg
34,http://spod.databenc.it/ethersheet/images/c7a46cd1-c4ce-4cee-ab05-f0d810accfc7/92812e94-d06c-47bc-aa80-936b1e27e7f1.jpg
35,http://spod.databenc.it/ethersheet/images/c7a46cd1-c4ce-4cee-ab05-f0d810accfc7/89f397ee-cecc-423e-b5f4-ba78d1d20b6e.jpg
36,http://spod.databenc.it/ethersheet/images/a9899a63-df55-4446-9eeb-187a042b6f6b/a6ed529f-e58e-46c0-a733-539c45d6b02a.jpeg
37,http://spod.databenc.it/ethersheet/images/c7a46cd1-c4ce-4cee-ab05-f0d810accfc7/0cef3ead-ffcc-4ef4-ad6d-ec3967fe8da1.jpg
38,http://spod.databenc.it/ethersheet/images/c7a46cd1-c4ce-4cee-ab05-f0d810accfc7/577a0d32-f362-40e5-9d7c-80ccacc2824c.jpg
39,http://spod.databenc.it/ethersheet/images/a9899a63-df55-4446-9eeb-187a042b6f6b/9c561150-0436-4587-9bb4-6749e2f5583b.jpeg
40,http://spod.databenc.it/ethersheet/images/c7a46cd1-c4ce-4cee-ab05-f0d810accfc7/392b583d-d005-487d-87b1-212fa65e1dcc.jpg
41,http://spod.databenc.it/ethersheet/images/c7a46cd1-c4ce-4cee-ab05-f0d810accfc7/2789d673-c063-44b2-b040-f68d008f4fd9.jpg
42,http://spod.databenc.it/ethersheet/images/c7a46cd1-c4ce-4cee-ab05-f0d810accfc7/737816d4-3c13-4888-9291-fa56d69bc159.jpg
43,http://spod.databenc.it/ethersheet/images/c7a46cd1-c4ce-4cee-ab05-f0d810accfc7/31ea3041-b78d-433d-ac12-220c0aabea28.jpg
44,http://spod.databenc.it/ethersheet/images/a9899a63-df55-4446-9eeb-187a042b6f6b/30f12962-e5a3-4f69-adec-772610edc5cf.jpeg
45,http://spod.databenc.it/ethersheet/images/a9899a63-df55-4446-9eeb-187a042b6f6b/ebe7313f-a239-4a30-923d-7225b89fe3bb.jpeg
46,http://spod.databenc.it/ethersheet/images/a9899a63-df55-4446-9eeb-187a042b6f6b/a0df1ffe-3de0-4c7c-a325-444a38bbc59c.jpeg
47,http://spod.databenc.it/ethersheet/images/c7a46cd1-c4ce-4cee-ab05-f0d810accfc7/f0349cf3-84ad-46be-81ba-e95b85950e44.jpeg
48,http://spod.databenc.it/ethersheet/images/c7a46cd1-c4ce-4cee-ab05-f0d810accfc7/e63ca5db-780c-489e-9ef6-0684002a1251.jpg
49,http://spod.databenc.it/ethersheet/images/c7a46cd1-c4ce-4cee-ab05-f0d810accfc7/23a5af11-98ce-4a3e-a238-07ac32fdece2.jpg
50,http://spod.databenc.it/ethersheet/images/c7a46cd1-c4ce-4cee-ab05-f0d810accfc7/28e22236-5dd3-428f-9e1c-f2116b284a5c.jpg
51,http://spod.databenc.it/ethersheet/images/c7a46cd1-c4ce-4cee-ab05-f0d810accfc7/bee7bf8f-52af-4efb-968e-559c7b73bd69.jpg
52,http://spod.databenc.it/ethersheet/images/c7a46cd1-c4ce-4cee-ab05-f0d810accfc7/9e808fde-a4f7-4d71-8263-1d7d13ef2d25.jpg
53,http://spod.databenc.it/ethersheet/images/c7a46cd1-c4ce-4cee-ab05-f0d810accfc7/0e28f936-aef3-4c5c-8e6e-8fef3592f97e.jpg
54,http://spod.databenc.it/ethersheet/images/c7a46cd1-c4ce-4cee-ab05-f0d810accfc7/62dc3967-5136-4770-a68f-236e6921d921.jpg
55,http://spod.databenc.it/ethersheet/images/c7a46cd1-c4ce-4cee-ab05-f0d810accfc7/15ae5ea1-f201-4cbb-bd7e-229320af442a.jpg
56,http://spod.databenc.it/ethersheet/images/c7a46cd1-c4ce-4cee-ab05-f0d810accfc7/0f3a962f-d682-4a44-b460-b50aa481874e.jpg
57,http://spod.databenc.it/ethersheet/images/a9899a63-df55-4446-9eeb-187a042b6f6b/7e8b2552-eedf-44cb-86e4-e6120a9eb2b9.jpeg
58,http://spod.databenc.it/ethersheet/images/a9899a63-df55-4446-9eeb-187a042b6f6b/1fa9628e-bb17-45e9-a52b-eb8fac11c3e8.jpeg
59,http://spod.databenc.it/ethersheet/images/a9899a63-df55-4446-9eeb-187a042b6f6b/d78cb785-0d19-4390-bc95-b288cc25cd5d.jpeg
60,http://spod.databenc.it/ethersheet/images/a9899a63-df55-4446-9eeb-187a042b6f6b/822333cf-a615-41b1-8105-f9682a8718d0.jpeg
61,http://spod.databenc.it/ethersheet/images/a9899a63-df55-4446-9eeb-187a042b6f6b/17dcd43f-7cd8-4e46-9c5d-5ffc8430b0c0.jpeg
62,
63,http://spod.databenc.it/ethersheet/images/a9899a63-df55-4446-9eeb-187a042b6f6b/c6a1fa2b-1288-4d53-8d17-26b7b46ca0e8.png
64,http://spod.databenc.it/ethersheet/images/f4422d42-8ef5-419e-bf75-e56d800e7598/fbdfa36e-6c56-47c9-bb56-2723464fae71.jpg
65,http://spod.databenc.it/ethersheet/images/f4422d42-8ef5-419e-bf75-e56d800e7598/59201521-29f2-4ef7-95b8-95ce70750a59.jpg
66,http://spod.databenc.it/ethersheet/images/f4422d42-8ef5-419e-bf75-e56d800e7598/7da30f83-f71b-4717-bc8e-4939b33f8405.jpg
67,http://spod.databenc.it/ethersheet/images/f4422d42-8ef5-419e-bf75-e56d800e7598/d6d3a70e-ffec-4011-9c8b-5b64546a1d59.jpg
68,http://spod.databenc.it/ethersheet/images/f4422d42-8ef5-419e-bf75-e56d800e7598/6f41c473-384f-4e0d-b48b-712358e01f46.jpg
69,http://spod.databenc.it/ethersheet/images/f4422d42-8ef5-419e-bf75-e56d800e7598/521395e3-0d4e-4d81-a0b7-c25ed110ca86.jpg
70,http://spod.databenc.it/ethersheet/images/f4422d42-8ef5-419e-bf75-e56d800e7598/a59138dc-f608-4220-8977-167c65e67475.jpg
71,http://spod.databenc.it/ethersheet/images/f4422d42-8ef5-419e-bf75-e56d800e7598/31a14e56-8d1d-4dd9-82d5-30a3dc01df80.jpg
72,http://spod.databenc.it/ethersheet/images/f4422d42-8ef5-419e-bf75-e56d800e7598/efcaf557-44af-488c-8a26-61428e020335.jpg
73,http://spod.databenc.it/ethersheet/images/f4422d42-8ef5-419e-bf75-e56d800e7598/bcd5654f-0b15-43d2-ab61-9a5a84d1cf3c.jpg
74,http://spod.databenc.it/ethersheet/images/f4422d42-8ef5-419e-bf75-e56d800e7598/9b033e7b-36dc-4a32-9e72-aa6bddcc3dbe.jpg
75,http://spod.databenc.it/ethersheet/images/f4422d42-8ef5-419e-bf75-e56d800e7598/6478df60-dc70-4647-8752-dde558ae572f.jpg
76,http://spod.databenc.it/ethersheet/images/f4422d42-8ef5-419e-bf75-e56d800e7598/f2018763-8dfb-4157-abd5-95d750bc952c.jpg
77,http://spod.databenc.it/ethersheet/images/a9899a63-df55-4446-9eeb-187a042b6f6b/b3a4b335-ed5e-4894-ab97-2621174b3e8f.jpg
78,http://spod.databenc.it/ethersheet/images/f4422d42-8ef5-419e-bf75-e56d800e7598/2ac6e1cb-0558-4652-87e2-eda4b5697bfe.jpg
79,http://spod.databenc.it/ethersheet/images/f4422d42-8ef5-419e-bf75-e56d800e7598/7d1bf4c8-84cf-487c-ae3b-4af1eb27d888.jpg
80,http://spod.databenc.it/ethersheet/images/f4422d42-8ef5-419e-bf75-e56d800e7598/ac872720-05f3-405f-ba76-5fc4de8eff80.jpg
81,http://spod.databenc.it/ethersheet/images/a9899a63-df55-4446-9eeb-187a042b6f6b/1e051cd6-0560-4c52-844d-54e24e457e49.jpg
82,
83,http://spod.databenc.it/ethersheet/images/a9899a63-df55-4446-9eeb-187a042b6f6b/fd5a062e-012a-4c09-bbd7-99a62254e551.jpg
84,
85,http://spod.databenc.it/ethersheet/images/a9899a63-df55-4446-9eeb-187a042b6f6b/304fc758-978b-4647-852a-1e3de46b631d.jpeg
86,http://spod.databenc.it/ethersheet/images/a9899a63-df55-4446-9eeb-187a042b6f6b/d69f24b2-6347-4abc-a656-a69464c6087e.jpg
87,http://spod.databenc.it/ethersheet/images/a9899a63-df55-4446-9eeb-187a042b6f6b/aa18068c-46d1-434a-8793-108a978ac2a2.jpg
88,http://spod.databenc.it/ethersheet/images/a9899a63-df55-4446-9eeb-187a042b6f6b/c19d4864-4175-4bd4-8072-a7d5ee35060f.jpg
89,http://spod.databenc.it/ethersheet/images/a9899a63-df55-4446-9eeb-187a042b6f6b/4aa94017-9415-4a95-a24c-bed66f6a3c2d.jpg
90,http://spod.databenc.it/ethersheet/images/a9899a63-df55-4446-9eeb-187a042b6f6b/5e69ef6d-a7d9-4312-8962-c290424ff7e6.png
91,http://spod.databenc.it/ethersheet/images/773ac4e1-efce-40e4-b082-a863f757f194/b1555b15-19c4-4fe9-a409-866a0daf1907.jpg
92,http://spod.databenc.it/ethersheet/images/773ac4e1-efce-40e4-b082-a863f757f194/948e1489-af4c-405b-8046-97960b8a728c.jpg
93,http://spod.databenc.it/ethersheet/images/773ac4e1-efce-40e4-b082-a863f757f194/37c9f620-1662-4d0d-9454-d0a9c1bfe9b6.jpg
94,http://spod.databenc.it/ethersheet/images/773ac4e1-efce-40e4-b082-a863f757f194/cbc0093e-66b4-48d9-824f-b9cf6b1dab3d.jpg
95,http://spod.databenc.it/ethersheet/images/773ac4e1-efce-40e4-b082-a863f757f194/b863e30d-2185-451a-b63c-8ef94d2c3762.jpg
96,http://spod.databenc.it/ethersheet/images/773ac4e1-efce-40e4-b082-a863f757f194/a0c0f017-60b3-41ac-9d2c-4570040ff4fc.jpg
97,http://spod.databenc.it/ethersheet/images/773ac4e1-efce-40e4-b082-a863f757f194/f6b3f9eb-82e6-422f-90bf-2f0dd8627598.jpg
98,http://spod.databenc.it/ethersheet/images/773ac4e1-efce-40e4-b082-a863f757f194/a37b61e3-d35c-468f-aa68-91fa80841dd9.jpg
99,http://spod.databenc.it/ethersheet/images/a9899a63-df55-4446-9eeb-187a042b6f6b/a13a256e-4d77-4421-964a-2b23c1c4d37f.jpg
100,
101,http://spod.databenc.it/ethersheet/images/773ac4e1-efce-40e4-b082-a863f757f194/58903eed-6b24-4c2b-b4f0-08df191e6ce0.png
102,http://spod.databenc.it/ethersheet/images/773ac4e1-efce-40e4-b082-a863f757f194/f13b6212-9a30-456c-add2-758beddb09c6.jpg
103,http://spod.databenc.it/ethersheet/images/a9899a63-df55-4446-9eeb-187a042b6f6b/beadca66-752f-4b90-a7f1-cb51f96cad88.jpg
104,http://spod.databenc.it/ethersheet/images/773ac4e1-efce-40e4-b082-a863f757f194/5c15b76a-7067-4a0b-bff1-f7850f8f13b5.jpg
105,http://spod.databenc.it/ethersheet/images/773ac4e1-efce-40e4-b082-a863f757f194/7caf15bc-e48b-497c-9e4d-c49a45247d0e.JPG
106,http://spod.databenc.it/ethersheet/images/a9899a63-df55-4446-9eeb-187a042b6f6b/291d04c1-c982-40c7-9562-64017224398d.jpg
107,http://spod.databenc.it/ethersheet/images/a9899a63-df55-4446-9eeb-187a042b6f6b/2bda3dd3-2e44-46bd-9dc7-a81a9ad0f79d.jpg
108,http://spod.databenc.it/ethersheet/images/a9899a63-df55-4446-9eeb-187a042b6f6b/dc627042-6e34-4087-8ce7-68b46d2e8458.jpg
109,http://spod.databenc.it/ethersheet/images/a9899a63-df55-4446-9eeb-187a042b6f6b/15936d04-9c5c-4250-8edb-47a3c4b810fc.jpg
110,http://spod.databenc.it/ethersheet/images/773ac4e1-efce-40e4-b082-a863f757f194/1cf3034e-b648-420c-831e-e8768ac5bc1d.jpg
111,http://spod.databenc.it/ethersheet/images/773ac4e1-efce-40e4-b082-a863f757f194/b03a02e7-d09e-4851-8d49-841cc47d57b6.jpg
112,http://spod.databenc.it/ethersheet/images/a9899a63-df55-4446-9eeb-187a042b6f6b/1aac09bc-2304-43cd-bf8f-c325ab2af4e4.jpg
113,http://spod.databenc.it/ethersheet/images/a9899a63-df55-4446-9eeb-187a042b6f6b/d75b5e0a-c2e4-482b-a7e2-b1aa313f645a.jpg
114,http://spod.databenc.it/ethersheet/images/a9899a63-df55-4446-9eeb-187a042b6f6b/4265d96c-bf41-4ef6-9632-24c221407d56.jpg
115,http://spod.databenc.it/ethersheet/images/773ac4e1-efce-40e4-b082-a863f757f194/6a1feb58-4986-4ed2-bc4a-262c2511a130.jpg
116,http://spod.databenc.it/ethersheet/images/773ac4e1-efce-40e4-b082-a863f757f194/40e08a3a-5f42-42dc-a254-3574ace2e20e.jpg
117,http://spod.databenc.it/ethersheet/images/773ac4e1-efce-40e4-b082-a863f757f194/32a3867d-0426-4e6d-88da-932ffe933168.jpg
