commune_id,epoca_di_fondazione,secolo_di_fondazione,anno_di_fondazione,etimologia_del_nome,storia
0,Moderna,XVIII,1861.0,Con molta probabilità deriva dal nome latino di persona Allius,"Le origini di Ailano sono da ricercare in alcuni insediamenti del terzo millennio a.C., siti sulla riva del Volturno"
1,Contemporanea,XX,1995.0,L'etimologia del nome Alife è ancora oggetto di studi,"Alife ha origine osca o sannita, coniava moneta propria come un didramma d'argento del IV secolo a.C. Fu a lungo in lotta con Roma, dal 343 al 290 a.C., venendo poi distrutta durante le guerre sannitiche"
2,Romana,VIII,,il nome deriva da un personaggio di spicco nell'epoca imperiale di Roma  il suo nome era Marco Aulo Albino,Alvignano discende dall'antica città di Cubulteria. I casali si formarono dopo la distruzione di Cubulteria. I primi nuclei abitati si formarono alle pendici dei colli Caprensi o Monti Trebulani a circa 2 km a ovest dalla distrutta città di Cubulteria.
3,Contemporanea,XX,1946.0,"Il toponimo Arienzo potrebbe derivare da Argentea, termine con il quale veniva chiamata la valle dove è sita la città in relazione alla sua fertilità",La storia della città di Arienzo inizia con la distruzione a causa di un incendio della città di Suessola alla fine dell'800. Parte dei suessolani si rifugiarono sul monte Argentarium presso un castello che fu poi distrutto nel 1135 da re Ruggero II d'Altavilla. La distruzione di questo castello spinse le popolazioni a scendere a valle dove costruirono il primo nucleo della città di Arienzo chiamata Terra Murata nel 1154
4,Contemporanea,XX,1990.0,"Il nome della città deriva dal luogo della sua fondazione Sancti Pauli ad Averze. La radice del suo nome richiama quello di Velsu, una delle dodici antiche città etrusche non ancora individuate","Prima dell'avvento dei Normanni la città non esisteva ancora e il territorio era popolato da piccoli raggruppamenti, casali e ville. Quasi al centro di una delle vie romane esisteva il casale Sancti Pauli ad Averze. Solo con l'avvento dei Normanni il piccolo casale cominciò ad avere un assetto ben definito"
5,Moderna,XIX,1811.0,"Il nome di Baia deriverebbe da vaiarulo (baiardo) che anticamente si pronunciava ""vaìa"". Latina deriva invece da Tina, parola alla quale nel corso del tempo è stato aggiunto l'articolo ('a Tina) formando così la parola Latina","La prima citazione documentale avviene nell'anno 979 in una bolla imperiale. Baia nel 1532 fu data al vescovo di Aversa al quale subentrò la famiglia Sanniti Zona. Per quanto riguarda ""La Tina"" le notizie sono più scarse: nel XVIII secolo era ancora cinta dalle mura medievali. L'origine del comune riunito risale al periodo di dominazione francese"
6,Moderna,XIX,1806.0,Il comune deriverebbe il suo nome da un antico tempio dedicato alla dea Bellona che sorgeva sul territorio in epoca romana,"Nell'ottobre del 1943, in piena seconda guerra mondiale, i tedeschi fecero saltare diverse case. In quel periodo un giovane bellonese, accorso alla difesa della sorella, uccise un soldato tedesco e ne ferì un altro. Per rappresaglia, il 7 ottobre 1943 i tedeschi fucilarono 54 uomini inermi nei pressi di una cava di tufo dismessa. Giorni dopo i familiari di quei Martiri diedero vita ad un'associazione che ancora oggi continua la sua opera di tutela della memoria storica e  trasmissione dei valori civili. Oggi in quel luogo sorge un imponente monumento per ricordare i 54 Martiri. Nel 1997 il Presidente della Repubblica Oscar Luigi Scalfaro promise e conferì motu proprio il 23 aprile 1998 la Medaglia d'oro al valor militare al Comune di Bellona. Il 21 settembre 2001 il Presidente della Repubblica Carlo Azeglio Ciampi, concesse il titolo di Città"
7,Medievale,XIV,,"Il nome deriva da Caiano, a sua volta derivante da Cajanum (Caiano), piccolo borgo citato nei conti delle decime pagate dal 1308 al 1328","Di Caiano, l'abitato progenitore si sviluppò in epoca romana nelle vicinanze della via Latina ma probabilmente fu popolata anche in precedenza, come dimostra il rinvenimento in località Poza di tombe databili al IV-III secolo a.C. Dopo essere stata per lungo tempo possedimento della famiglia Del Pezzo, nel 1806, anno dell’abolizione dei privilegi feudali nell’Italia meridionale, venne aggregata alla vicina Teano e nel 1859 divenne autonoma"
8,Medievale,X,,"Caiatia, da cala, ""rocca/luogo elevato""","Il territorio di Caiazzo è stato abitato sin dalla preistoria come testimoniano numerosi ritrovamenti del periodo eneolitico nelle località Madonna del Soccorso, Fontana Murata, Monte Grande e nella frazione di Cesarano. Si ha notizia di una collezione privata ove erano presenti, a fine dell'800, tre coltelli preistorici rinvenuti a Cesarano"
9,Medievale,IX,879.0,"Il nome Calvi deriva dalla città di Cales, che fu abbandonata dopo le incursioni barbariche e saracene, quindi il luogo divenne ""calvo"", cioè spoglio","Antichissima città degli Aurunci e degli Ausoni, Cales, ricordata da vari scrittori latini, fu conquistata del Romani nel 335 a.C. e vi fu insediata una colonia di 2500 uomini"
10,Medievale,XII,,"Deriva dal nome latino di persona Camillus, ricco proprietario, a cui si aggiunge il suffisso -anus che indica possesso","Camigliano in un remoto passato fu certamente abitata dagli etruschi, che dalle aree costiere della maremma seguivano il corso del fiume Ombrone. Divenne poi borgo di una certa importanza in epoca alto medioevale, avamposto di Montalcino, di cui condivise la lotta nella difesa della libertà repubblicana alla metà del 16° secolo"
11,Medievale,XII,1114.0,"La prima parte del nome si riferisce alla presenza di un cancello che delimitava una zona di caccia chiusa. Arnone, invece, deriva dal nome longobardo di persona Arno o molto meno probabilmente dal latino ad nonum, in riferimento ad una stazione della via Appia",Le prime notizie documentarie risalgono al 1114. Nel Settecento il feudo risulta governato dai Sanseverino
12,Medievale,XII,1113.0,"Di difficile identificazione; forse proviene dal latino caput seguito dal nome di persona Triseus, oppure dal nome di una zona: Risone","Già esistente da prima della dominazione romana, Capodrise viene menzionata per la prima volta nel 1113 in una pergamena in cui l'arcivescovo di Capua, in occasione della costituzione della diocesi di Caserta, assegna a quest'ultima anche le parrocchie di Sant'Andrea e San Donato, in località “Capitrisio”"
13,Romana,V,448.0,"Il nome ""Capriati"" deriva forse dal latino caprea, per indicare le capre selvatiche presenti in zona, oppure un luogo in cui venivano realizzate le capriate (elementi architettonici). La specifica ""al Volturno"" è legata alla presenza del fiume in zona","Nell'alto medioevo fu possedimento del monastero di San Vincenzo al Volturno, della chiesa di San Pietro di Isernia e dell'abbazia di Montecassino. Passò quindi alla famiglia Villacublai-Sangiorgio, ai Capuano e ai Sanframondo. Nel 1407 re Ladislao I di Napoli vi sostò con l'esercito imponendo il controllo regio su tutti i castelli di Filippo Sanframondo che vi era rimasto asserragliato.[3] Nel 1816 il comune fu assegnato al distretto di Piedimonte Matese, capoluogo di mandamento"
14,Classica,VI,524.0,"il nome Capua si rifà ad una accezione terminologica dal greco che significa ""piede incurvato""","Fondata con il nome di Καπύη (Capye) attorno al IX o VIII secolo a.C. dagli antichi Greci, sopra insediamenti più antichi degli Osci, detti Opici dai greci di Cuma."
15,Moderna,XV,1497.0,"Deriverebbe da Carinaro, la regione che comprende la città di Rovigno, dove si conserva il corpo di Sant’Eufemia, patrona del comune.","Carinaro sorse nel territorio dell'antica Liburia Atellana, una regione assai fertile compresa tra il fiume Clanio, il bosco di Acerra ed il fossato di Napoli, già luogo di insediamenti umani in età neolitica e di successive frequentazioni databili alle età del bronzo e arcaica, nonché probabile sede di uno stanziamento militare di confine tra centurie romane"
16,Medievale,XI,1087.0,"Deriva da Carini, luogo su cui fu fondata la città, dopo l'attacco dei Saraceni. Oppure forse deriva da Calinolum, derivato a sua volta da Calenum","Sorse nel territorio dell'antica Liburia Atellana, già luogo di insediamenti umani in età neolitica e di successive frequentazioni databili alle età del bronzo e arcaica, nonché probabile sede di uno stanziamento militare di confine tra centurie romane. A seguito delle invasioni barbariche, la popolazione della città Osca di Atella cercò rifugio nelle contrade vicine dando vita a piccole comunità agricole assediate da saraceni, greci e longobardi. Questi ultimi occuparono il casale di Carinaro, menzionato per la prima volta in alcuni scritti longobardi del V secolo come Cerinaru. L'arrivo dei normanni nella contea di Aversa (1030) segnò la rinascita dell'agro. Abbiamo scarse informazione dell’età feudale e moderna. Nel 1928, con l'abolizione di Terra di Lavoro, Carinaro fu aggregata ad Aversa e riottenne la sua autonomia solo nel 1946"
17,Moderna,XIX,1806.0,"Fino al 1810 aveva il nome di ""Casanova"" ma, quando fu unito alla villa di Coccagna, assunse il nome di Comune di Casanova e Coccagna, poi Casagiove","l più antico documento della storia di Casanova da noi conosciuto risale al 969 d.C. Il successivo sviluppo della realtà civica casagiovese si verificò dopo la nascita del villaggio limitrofo di Torre, attuale Caserta, tra il XVI e il XVII secolo. Infatti una grande espansione demografica si verificò in seguito all'avvio dei lavori della Reggia di Caserta, iniziata nell'anno 1752. Nel 1806, dopo l'abolizione della feudalità Casagiove divenne Comune e nel 1807 fu nominato primo sindaco Liborio Menditto"
18,Moderna,XIX,,"Deriva dal casale dove il figlio di Mattia Corvino. re d'Ungheria, fu spedito come punizione per aver tentato di ucciderlo","Inizialmente chiamato solamente Casale, le prime notizie su Casal di Principe risalgono ai tempi della civiltà degli Osci, e nel Medioevo Casale fu feudo longobardo, circondato da ogni parte da vaste proprietà appartenenti ai monaci certosini benedettini di Monte Cassino, del Volturno, di Cava e di Capua. Il 9 aprile 1928 il comune di Casal di Principe venne fuso con San Cipriano d'Aversa, formando il comune di Albanova per poi essere sciolto nel 1946"
19,Medievale,XIII,,"Deriverebbe dal latino casa luci, ovvero ""casa del bosco""","Il territorio di Casaluce ha conosciuto insediamenti umani dal III secolo a.C. accogliendo alcuni villaggi Osci. In epoca romana, fra queste campagne, sorse un villaggio amministrato dall'antica Atella che con Capua rappresentava il punto di riferimento della Liburia come i romani la definivano. All’arrivo dei barbari da fiorente che era, a causa dell'abbandono, diventò una plaga deserta dominio dell'acquitrino e dei boschi. Nel corso dei secoli si ripopolò finché nel X secolo divenne sede di scontri tra Bizantini e Longobardi"
20,Medievale,X,,"Il nome Casapesenna deriva da ""case per selle"", in quanto il vecchio Palazzo Baronale era un luogo dove i cavalli venivano equipaggiati di selle e riforniti di ferri","In epoca normanna rientrava nei domini della contea di Aversa. Il feudo appartenne agli esponenti di diverse casate finché durante il fascismo f fece parte insieme a tutto il casertano della provincia di Napoli, in quanto parte del comune di Albanova, nato nel 1928 dall'unione con i comuni di San Cipriano d'Aversa e Casal di Principe. Nel 1973 divenne comune autonomo."
21,Moderna,XIX,1861.0,"Casapulla deriva da Casapulus, visto che in passato era chiamata Casa Apollonis, o anche Casapollo, in riferimento al dio Apollo, a cui era dedicato un tempio in zona","La zona fu sicuramente abitata in epoca antica dai romani che nel 59 a.C. colonizzarono tra il Volturno e il Savone. L'abitato però come conosciuto oggi si è formato solo in epoca medioevale. Fece da prima parte della provincia di Terra di Lavoro per poi passare alla vecchia provincia di Napoli nel 1927. Il 1º gennaio 1931, il governo fascista sopprime i comuni di Casapulla, Curti e San Prisco e accorpa i loro territori al comune di Santa Maria Capua Vetere. Casapulla riotterrà la propria indipendenza amministrativa il 1º gennaio 1947"
22,Medievale,IX,,"Deriva dal latino casa irta, in riferimento alla posizione sopraelevata dell'originario insediamento medioevale","Il nome Caserta deriva dal latino Casa hirta, riconducibile al fatto che durante il Medioevo l’antico centro urbano nel quale la città sorgeva, ovvero Casertavecchia, si trovava in posizione elevata rispetto alla pianura circostante. Fu una necropoli del V secolo a.C. e che intorno al 423 a.C. venne completamente popolata dai Sanniti sotto il nome di Galatia Sino alla caduta dell’Impero Romano, dopo il 476 d.C., Galatia rimase una colonia. Con le successive invasioni barbariche la città cominciò il suo lento declino dovuto anche alle note di successione longobarde. La costruzione dei complessi vanvitelliani come La Reggia e il Belvedere di San Leucio favorirono la rinascita di Caserta. Durante il Fascismo la provincia di Caserta fu soppressa diventando provincia di Napoli, fino alla fine della guerra mondiale per conoscere poi una lenta ripresa economica e sociale"
23,Medievale,,,"Il nome è un composto di ""Castel"" in riferimento ad una roccaforte o ad un castello presente in passato e di Campagnano, che deriva dal nome latino di persona Campanius, a cui si aggiunge il suffisso -anius che indica possesso","Nel Medioevo venne citato con il nome di castrum Campanianum in dei manoscritti e nel 1383 fu sede della battaglia fra Carlo III di Napoli e Luigi I d'Angiò. Fino al 1862 fu chiamato solo con il nome di ""Campagnano"" per poi divenire ""Castello di Campagnano”. Durante la seconda guerra mondiale, nella notte tra 13 e 14 ottobre 1943, il paese fu liberato da truppe americane. Dal 1927 al 1945 appartenne alla provincia di Napoli, a seguito della temporanea soppressione della provincia di Caserta in epoca fascista"
24,Medievale,XI,1092.0,"Il termine ""Castel"" probabilmente fu aggiunto nel 1862, anche se in alcuni documenti antichi si ritrova menzionato sia come Castro Morrone che Morrone. Secondo alcuni ""castro"" si riferisce ad un insediamento di epoca normanna, altri affermano che sia stato aggiunto dopo. Il termine Morrone deriva da un pre-latinismo, ""morro"" che significa altura","Nasce in età sannitica come fortezza difensiva facendo da sfondo a secoli di battaglie romane, accogliendo anche l'accampamento di Annibale. Durante il medioevo diventa un ambito ducato di Napoli finché durante l'unità d'Italia fu un luogo chiave per la battaglia del Volturno e per l'unificazione italiana"
25,Moderna,XIX,1812.0,Castel Volturno deve il suo nome al castello e al fiume Volturno,"In antichità Volturnum, diventò una colonia romana ma dopo la morte di Cesare subì un incursione che ne distrusse il porto. Nel 1812 fu creato comune autonomo ed ebbe come primo sindaco Giuseppe Toscano, da allora in poi seguì le vicende storico politiche del Regno delle Due Sicilie, dal 1860 quelle del Regno d'Italia e dal 1945 quelle della Repubblica Italiana"
26,Moderna,XVIII,1753.0,"Sorge su uno sperone che si affaccia nella conca caiatina, addossato ai sistemi montuosi del Verna e del Friento","Castel di Sasso è stato paese natale di Decio Coletti, patriota che si distinse per la sua lotta alla libertà"
27,Moderna,XVIII,1752.0,"Il comune è ai confini con il Molise. Il nome fa riferimento alla presenza di un castellum in zona. Per lungo tempo fu chiamato ""Castello d'Alife"", poi il nome fu cambiato in quello attuale","Il paese ha origini sannitiche, ed è sempre stato usato come roccaforte difensiva, sotto i normanni come quasi tutti i castelli del sud fu fortificato a scopo difensivo."
28,Contemporanea,XX,1973.0,Le radici storiche dell'attuale centro abitato risalgono al feudalesimo. Il toponimo deriva dal latino pagus cellularum,Durante il feudalesimo il territorio cellolese era stato integrato nei domini dei signori di Sessa Aurunca. Con l'arrivo dei Longobardi i territori dell'ager sinuessanum si disgregarono e quel villaggio che allora contava poche centinaia di abitanti fu inglobato nel territorio di Sessa Aurunca che era l'unico riferimento economico culturale e sociale di tutta la zona circostante
29,Medievale,XII,1113.0,"Il suo nome deriva da un antico culto alla dea greco-romana Artemide-Diana (e alla presenza di rovine di un tempio della stessa), dea della caccia e delle selve, il cui animale preferito pare fosse il cervo; da qui il nome ""Cervino""","Secondo una tradizione, un piccolo numero di carbonari di Talanico si allontanò dalla propria sede in cerca di pane e di lavoro stabilizzandosi nella valle di cervino, facendo nascere una vera e rorpria comunità. Nel 1807 viene firmato il decreto che rende Cervino un comune autonomo"
30,Medievale,XIII,,"Il nome Cesa trae origine da una voce latina, caesus, dal verbo caedere (tagliare)",Cesa fu una di quelle minuscole contrade della città di Atella che visse una vita agreste. Una leggenda per spiegarne l'origine e l'etimologia narra di una pietosa donna di nome Cesa la quale curava feriti e trasportava i morti per onorare sepolture nel corso di conflitti locali che imperversavano nel centro atellano
31,Moderna,,,Deriva dal nome latino di persona Cyrillus a cui si aggiunge il suffisso -anus che indica appartenenza.,"Nel corso dei secoli Ciorlano ebbe diversi nomi: Cerolano, Cerolario, Li Ciurlani. Nel 569 , in epoca dei Longobardi, fu un Pagus e solo successivamente divenne Castello con Torre Casero Cerolano.Nel 1532 il castello di Ciorlano fu concesso a Isabella Mobel ed infine ai Conti Gaetani di Laurenzana di Piedimonte"
32,Moderna,XIX,1862.0,"Il nome si riferisce alla posizione geografica del luogo, ossia un luogo avvallato","Conca della Campania lega le sue origini ai monaci benedettini della celebre Abbazia di Montecassino, i quali, già nell' VIII secolo, scoprirono la fertilità di queste terre e la salubrità del clima, iniziando una massiccia opera di bonifica, costruendovi i primi villaggi e case coloniche"
33,Moderna,XIX,1806.0,"“Coorti”= unità dell'esercito romano “Corte” = “aia”, spiazzo per bacchiare il grano antistante la casa rurale","I Longobardi  andarono occupando una porzione delle città fisicamente separata dai residenti romani; quella porzione, relativamente a Capua, formò il primo nucleo dell'attuale comune. La storia di Curti, si confonde e si mescola con la storia dell’antica Capua, della quale fu uno dei quartieri. Solo con l'avvento dell'occupazione francese del 1806 Curti, così come gli altri casali della Città di Capua, assume proprie funzioni amministrative autonome acquistando in seguito un proprio stemma."
34,Medievale,IX,,"Il toponimo potrebbe derivare dalla parola “drago”, che designa fenomeni atmosferici turbolenti, frane, torrenti a regime impetuoso.","Fu popolata fin dalla remota antichità, ma la fondazione dell’attuale abitato risale al IX secolo d.C.,  distrutta dai saraceni. Inserita nella contea di Caiazzo, ne seguì le vicende storiche, passando nelle mani di vari feudatari: tra questi si ricordano i Di Baldano, i Marzano, i Ruffo, i De Carloni, i Falco e, a partire dal 1620, i Gaetani di Laurenzana. Nel 1860 fornì 26 volontari a Giuseppe Garibaldi e nel 1943, durante la seconda guerra mondiale, fu teatro di sanguinose battaglie."
35,Contemporanea,XX,1964.0,"Sono state formulate varie ipotesi sull'origine del toponimo Falciano: per primo il Pratili, nel 1745 lo mette in relazione con il nome del vino Faustiano prodotto in zona. Secondo lo storico Luca Menna esso deriverebbe da falcibus, in riferimento alle differenti falci impiegate «per segar le biade e per potar le viti», mentre nel 1874 si avanzò la derivazione dal romano Falcidius. Più recente è la congettura secondo la quale Falciano deriverebbe dal prediale Faustianum o Faustinianum.","La presenza umana nel territorio può essere fatta risalire al Paleolitico medio, al quale datano i reperti trovati nelle campagne che circondano il centro abitato di Falciano. L'area dell'Ager Falernus, racchiusa dal monte Massico, dal fiume Savone e dalle pendici del vulcano di Roccamonfina, fu poi abitata dagli Ausoni-Aurunci, sino alla conquista romana avvenuta nel IV secolo a.C. La romanizzazione del territorio si accompagnò alla realizzazione della via Appia e della viabilità minore. Diverse furono le villae di età romana edificate. Per lo più si trattava dei nuclei attorno ai quali si organizzavano le attività agricole, che in età antica erano note principalmente per la produzione del vino. Il catasto onciario del 1753 attesta la vocazione agricola del territorio. La tipica tipologia edilizia prevedeva abitazioni a piano terra con un cortile interno. A partire dal XVII secolo nell'agro di Falciano iniziarono a trovare diffusione le masserie. Nel 1964, Falciano, che fino ad allora era frazione del contiguo comune di Carinola, ottenne l'autonomia comunale."
36,Medievale,,,"Fu inizialmente denominata Fossaceca, forse in riferimento alla posizione di una grotta, situata in luogo inaccessibile, chiamato Re-La Maronna. Dopo l'unità d'Italia nel 1862, il Consiglio Municipale cambiò il nome di Fossaceca in Fontegreca ricavando la prima parte del nuovo nome, Fonte, da una fonte di acqua freschissima e la seconda parte, greca, da antichi manoscritti privati e pubblici che citavano il Comune con il nome di Fossa Graeca.","Originalmente venne popolata dagli Osci e poi dai Sanniti. La zona fu scelta in quanto punto più alto e meglio difeso, grazie alla posizione naturale, durante l'ultima fase del periodo longobardo e, in età normanna fu feudo di Guglielmo di Fossa Ceca. Più tardi fu donata alla chiesa ed appartenne al monastero di San Vincenzo al Volturno; in seguito la vedova del conte Ranulfo II di Alife donò Fossaceca ed altre terre a Montecassino. Nel 1269, tutte queste terre passarono al feudatario Guglielmo Stendardo e Fossaceca, insieme a Capriati a Volturno, Ciorlano e Pratella fece parte della Baronia di Prata di cui seguì la storia. Nel 1927, soppressa la provincia di Caserta, Fontegreca passò alla provincia di Campobasso. Durante la seconda guerra mondiale Fontegreca visse giorni drammatici per le requisizioni, per i rastrellamenti e per la fuga fin sulle montagne di Gallo Matese a cui fu costretta la popolazione. I tedeschi installarono il loro comando in Palazzo Parrillo. Il 28 ottobre 1943 gli americani occuparono Valle Agricola e iniziarono un cannoneggiamento che colpì anche Fontegreca nella quale entrarono nel paese il 1º novembre 1943. Nel 1945 passò dalla provincia di Campobasso a quella di Caserta."
37,Medievale,XI,,"L'origine del nome deriva dall'ebraico fhor-michol (bollente ruscello), volendo indicare che nella zona c'era la presenza di fonti di acqua calda. Questa tesi è avvalorata dalla scoperta di fonti nella zona di Trebula.","L'origine del territorio si aggira intorno al IX secolo, la zona più antica è Maiorano, che ancora oggi rappresenta la parte più antica del paese. Durante la dominazione angioina il feudo della baronia, fu assegnato a Frapane (Frangipane; successivamente, nel 1306, a fu assegnata a Tommaso de Marzano, duca di Sessa. Nel 1420 il nobile Cubello d'Antignano di Capua pose in essere un feudo, che successivamente nel 1445, divenne feudo dei signori della Ratta. Il 1º febbraio del 1465 fu affidata a Diomede I Carafa, che insieme alla sua dinastia, si fregiò del titolo di Principe di Colubrano. Questa famiglia rimase a capo del feudo fino all'abolizione di quest'ultimo ad opera di Giuseppe Bonaparte (1806). Nel medesimo anno Francesco II Carafa fondò un'accademia arcadia chiamata ""il Caprario. Con l'abolizione del feudalesimo (1806) furono costituite le circoscrizioni e Formicola rientrò nella circoscrizione di Caiazzo, ma dal 1808, sotto la riforma operata da Gioacchino Murat i comuni di Formicola, Pontelatone, Sasso, Liberi, Cisterna e Prea furono riuniti nella circoscrizione di Formicola che rimase autonoma fino al 1927, quando fu soppressa dal regime fascista. Nel 1945, finita la seconda guerra mondiale, il Comune di Formicola entrò a far parte della neocostituita Provincia di Caserta."
38,Medievale,XIII,,"L'origine della denominazione Francolise segue diverse ipotesi: secondo alcuni il nome deriva dal latino Fortuna -nisi, in riferimento all'esistenza di un tempio dedicato alla Dea Fortuna. Secondo altri deriva dal nome latino di persona Franculus, o Francone, a cui si aggiunge il suffisso -ensis che indica appartenenza.","Il rinvenimento di tombe e di tracce di insediamenti testimonia che fu popolata fin dall'antichità; tuttavia, l'attuale abitato, menzionato nelle fonti storiche a partire dal Duecento, si sviluppò con molta probabilità in epoca medievale. Concessa in feudo da Carlo I d'Angiò a Simone di Montfort, conte di Avellino, fece in seguito parte dei possedimenti dei D'Aquino e poi appartenne ai principi di Caramanico."
39,Romana,I,,"Il toponimo Frignano è la forma sincopata di un nome prediale gentilizio romano Furinius (Furnius). L'origine del nome si può anche ricollegare a ""Forum Iani"" (Foro di Giano), perché fu ritrovata, alla fine degli anni '50, un tempio con due aperture sormontate da due facce di diverse dimensioni con la scritta ""Dicata Iano"". Tale tempio fu ritrovato sotto l'attuale chiesa dedicata a Maria SS. dell'Arco.","La fondazione di Frignano è datata non più tardi del I secolo a.C., al tempo delle tre centuriazioni effettuate dagli imperatori romani sull'agro aversano. Il paese è sorto sulla via Gromatica. Frignano viene citato la prima volta al tempo di Zottone, quando sul suo territorio si svolse una rovinosa battaglia fra Landone II il Giovane e Paldone Rapinato. Al tempo dei Longobardi e dei Normanni Frignano viene più volte ricordato nei documenti. Un primo documento porta la data del 988, è firmato dall'arcivescovo Adinolfo ed afferma che il monastero capuano di San Lorenzo, tra gli altri poderi dei quali era stato dotato dalla principessa Aloara, ne possedeva alcuni in loco Ferrayanu et cum omni parte de ecclesia Sancti Nazarii constructa in praedicto loco. Nel 1119 il vescovo di Aversa, Roberto, riceve in defensione ecclesiae sancti Pauli Pietro Forignanese di Mairano liberandolo da ogni angaria e par parangaria. Nel 1122, in un altro documento, si parla del Barone aversano Riccardo, figlio di Goffredo, che dona al presbitero Mairano, e  alla chiesa di Santa Maria Preziosa, un pezzo di terra que est in territorio villae Forignani maioris , al luogo detto campus de Mairano."
40,Medievale,XII,1154.0,"Il toponimo, citato in Catalogus Baronum (1150-1168), deriva chiaramente da “gualdo”, che a sua volta trae origine dal longobardo “wald”, ‘bosco’; tale voce toponimica è attestata nelle carte medioevali anche nell’accezione di ‘dominio’, cioè insieme di terreni boschivi o coltivati.","Tito Livio parla di una fiera e battagliera popolazione nella zona nord della Campania; queste popolazioni erano chiamate Montesi da cui il nome della zona. I progenitori dei gallesi parteciparono alle guerre che i Sanniti Pentri, confederati con altri stati Sanniti, condussero contro la nascente potenza militare romana. Successivamente queste popolazioni furono assoggettate a Roma, la quale, nella ristrutturazione del territorio italico in regioni, introdusse il Matese nella prima regione. Dopo la caduta dell'Impero Romano la zona del Matese, grazie alla sua posizione geografica, non ha subito invasioni barbariche. Intorno al 600 d.C., come risulta dalle Cronache Cassinesi,  Romualdo I duca di Benevento, accoglie un gruppo di bulgari. Nel 1154 Gallo Matese era stato dichiarato ""Feudum Unius Milites"", cosa che comportava l'obbligo di fornire un contingente militare di dodici soldati e di dodici inservienti in occasione di fatti militari. Nel 1239, Giovanni di Guglielmo di Prata, fu feudatario anche del feudo di Gualdo; dal 1329 al 1576 Gallo Matese appartenne alla Baronia di Prata passando in possesso delle famiglie che detennero detta Baronia. Nel 1649 il feudo di Gallo, con il titolo di marchesato, fu retto dalla famiglia Mastullo. Nel 1741 utile possessore della terra di Gallo è il principe Giovanni Pignatelli. I Pignatelli mantennero il possesso di Gallo fino all'abolizione della Feudalità avvenuta nel 1806. Tra il 1806 ed il 1815 numerosi beni ecclesiastici e monastici furono assorbiti dal demanio e successivamente venduti ai privati. Intorno al 1860-1861 il Matese fu scosso dai moti insurrezionali dei briganti. Numerosi scontri si ebbero sul Matese: nel territorio di Gallo Matese, nella località Campo figliuolo, gli insorti sconfissero una compagnia di bersaglieri. Successivamente, nel 1877, ci fu uno dei tentativi insurrezionali più importanti, attuato nella zona del Matese da un gruppo di aderenti alla Federazione italiana dell'Associazione internazionale dei lavoratori, detto in seguito appunto ""Banda del Matese"". Il giorno 8 aprile 1877 la banda del Matese era guidata da Cafiero, Malatesta e da Pietro Cesare Ceccarelli e si diressero verso Gallo Matese. Al municipio di Gallo gli anarchici e bruciarono tutta la ""carta bollata"" del Comune: registri catastali, schedari delle imposte, atti ipotecari, ecc. Tutto si svolse nell'entusiasmo e senza difficoltà di alcun genere. Le truppe governative non erano restate con le mani in mano. Gli internazionalisti, quando abbandonarono Gallo, si trovarono accerchiati. Gli uomini passarono tutto il 9 e 10 aprile nel duplice tentativo di cercare un rifugio e di superare l'accerchiamento, ma senza esito. Il giorno 11, la banda trovò riparo nella masseria Concettai. Il 12 aprile un reparto di bersaglieri fece irruzione nella cascina sorprendendo gli anarchici. Date le condizioni degli uomini e delle armi non ci fu resistenza. L'insurrezione del Matese era finita. Dal 1927 al 1945 Gallo Matese appartenne alla provincia di Campobasso a causa della temporanea soppressione della provincia di Caserta."
41,Romana,IV,,"Il toponimo, citato in Catalogus Baronum (1150-1168), deriva da GALLUS, antroponimo latino o medievale.","La sua origine risale verosimilmente al IV secolo a.C. quando i romani, sconfitti gli ausoni, antichi abitanti di questi luoghi, vi fondarono una colonia. In epoca medievale subì la dominazione dei saraceni e, dopo la sconfitta ad essi inflitta da papa Giovanni X nel 915, passò sotto il potere dei principi longobardi di Capua. Nel 1137 subì l’assedio delle truppe di papa Innocenzo II in lotta con Ruggero II e, secondo alcuni studiosi, fu teatro della cattura del pontefice da parte del re normanno; in seguito vide succedersi al suo governo diverse illustri famiglie, come i Fieramosca (XV secolo) e i Velluti di Firenze. Il fenomeno dei capipopolo prima e il brigantaggio poi interessarono spesso queste contrade, che più tardi vissero con particolare intensità la durezza del secondo conflitto mondiale."
42,Medievale,,,"Il nome è legato probabilmente alla presenza in zona di un tempio dedicato al dio Giano, la specifica ""Vetusto"", ossia antico, serve a distinguerlo dal comune omonimo di Giano dell'Umbria.","La sua origine risale al Medioevo, quando si verificò un massiccio trasferimento di popolazione dalle pianure ai monti per motivi di sicurezza; tuttavia, diverse testimonianze archeologiche documentano la presenza dell’uomo in epoche più remote. Preda di invasioni saracene intorno all’XI secolo, fu presumibilmente possedimento della vicina Calvi finché, nel 1034, entrò nella sfera di dominio di Capua, seguendone le sorti: pertanto fu soggetta al potere dei longobardi, dei normanni, degli Angioini, degli Aragonesi, dei francesi e degli spagnoli. Subì il saccheggio da parte delle masnade di Cesare Borgia nel 1501 e successivamente, nel 1647, durante la rivolta di Masaniello, fu depredata da Diomede I Carafa. Nel 1861, dopo l’unità d’Italia, vi si insediò una compagnia di guardie nazionali per combattere il brigantaggio. Durante il fascismo fu accorpata a Pignataro Maggiore e ridivenne autonoma in seguito alla soppressione delle leggi fasciste."
43,Medievale,XII,,"Il toponimo, attestato nel Catalogus Baronum (1150-1168), potrebbe provenire da IOVIA, aggettivo derivato dal teonimo IOVIS, ‘Giove', oppure trarre origine dalla voce osca “Iovio”, con riferimento a una rocca consacrata a Giove.","Nel XII secolo era infeudata insieme a Compostella al Conte di Caserta Roberto Di Lauro, il quale affida il territorio ad un suo Comites, tale Guntardo. È presumibile che nel 1183 il feudo sia passato al figlio Guglielmo che diviene II° Conte di Caserta. Nel 1280 due documenti attestano che Gioia è in possesso di Giovanni de Molisio detto anche Giovanni di Gioia, e di suo figlio Francesco. Nel 1504 Gioia diviene feudo dello spagnolo Consalvo Ernandes De Cordova, Gran Capitano del Regno, Duca di Sessa e primo viceré del Regno di Napoli. Nel 1520 il feudo di Gioia viene concesso al Barone Giovanni Nicola Gaetani, Giovanni fu privato del feudo nel 1530, colpevole l'aver appoggiato l'invasione francese guidata dal Conte di Lautrec fu nello stesso anno giustiziato a Napoli. Nel 1532, Gioia fu donata dall'imperatore e re di Napoli Carlo V d'Asburgo al nobile cavaliere spagnolo Ugo Villalumo. Questi dopo pochi anni lo vendette a Gabriele Barone, presidente della Regia Camera della Sommaria. I gioiesi godevano di propri statuti civici e si riunivano in assemblea nella chiesa di San Felice. Nel 1613 il feudo di Gioia torna ai Gaetani, quando Luigi Barone successore di Gabriele lo permuta con Alfonso Gaetani dell’Aquila d’Aragona Duca di Laurenzana. Gioia acquisisce inoltre il suffisso Laurenzana, dovuto al matrimonio di Alfonso Gaetani con Giulia Ruggiero Duchessa di Laurenzana nel 1606. I Gaetani restano signori e Baroni del feudo fino all’eversione della feudalità nel 1806. Durante il XIX secolo il territorio comunale subì varie acquisizioni e arrivò alle dimensioni attuali. Al 1810 risale la decisione della Commissione feudale che sciolse i diritti feudali. Gioia acquisisce il suffisso Sannitica nel 1862 e nel giro di qualche decennio termina l’influenza della casata Gaetani ultimi feudatari e Baroni di Gioia. Nel 1945 passò dalla provincia di Benevento a quella di Caserta."
44,Romana,III,211.0,"Il suo nome, secondo una etimologia arbitraria significherebbe l’isola delle Grazie (Gratiarum nesos, secondo la pronuncia erasmiana o nisos secondo la pronuncia reucliana) o il paese sostenuto dalle Grazie, pagus Gratiis innixus.","Grazzanise sorgeva durante il 3° o il 4° periodo della Repubblica Romana, sotto gli auspici della nobile famiglia dei Graziani. E sorgeva per dare ricetto agli schiavi che nell’anfiteatro capuano, detto poi Berolais, dovevano dare spettacolo della loro forza e del loro valore nelle pericolose lotte fra di loro o contro le belve fameliche. Sorgeva per somministrare con le rose dei suoi campi unguenti e cosmetici, onde si fornivano matrone ed etère nella via Deplasia dell’antica Capua. Altri pensano che questi paesi avessero origine quando al terrorismo democratico di Mario (87 a.C.) successe il terrorismo oligarchico di Silla (81 a.C.) che fondò nuove colonie non dipendenti dallo Stato, ma dal loro capo, per Grazzanise un Graziano."
45,Romana,,,"Il toponimo di Gricignano deriverebbe con molta probabilità dal nome del senatore romano, Lucio Giulio Grecino, vissuto ai tempi di Tiberio. Ma non si esclude che il toponimo derivi dal nome della matrona romana, nonché ex moglie di Tiberio, Pomponia Grecina.. Col passare del tempo e con l'insediamento dei primi coloni, il nucleo abitativo prese prima il nome di ""Villae Greicinianum"" e poi di ""Casalis de Graecignani"". Già prima dell'anno mille, in vari documenti il Casale di Gricignano era stato menzionato con diversi nomi, come ""Graeciniani, Chicianniani, Graecinius e Graecinianum"".","Le origini di Gricignano sono molto antiche. Diverse le supposizioni fatte sulle origini di questo comune, che è uno dei più antichi dell'Agro aversano. Le ipotesi variano su un'origine Osca-Sannita, a quella Romana, fino a giungere a quella Longobarda. Ma la certezza delle origini di Gricignano cade sull'ipotesi romana. Secondo gli studiosi, infatti, Gricignano sarebbe sorta nel periodo della centuriazione dell'Ager Campanus. Le motivazioni che spingono a supporre gli studiosi che Gricignano abbia un'origine romana, si riscontrano in diverse prove: le tracce ancora ben visibili della tipica suddivisione del territorio in centurie e nello stemma comunale dove è raffigurata una pietra miliare con iscritto in cifre romane il numero sette, che va a simboleggiare le sette miglia che separavano Gricignano dall'antica Capua."
46,Medievale,XVI,,Il toponimo deriva dall’idronimo Lete.,"Il territorio comunale di Letino è stato sede di un insediamento sannita come testimoniano alcune tracce archeologiche site in località ""campo delle secine"". Nel XVI secolo fu feudo dei baroni Della Penna, poi dei D'Aragona e successivamente dei Carbonelli. Sotto la reggenza di Ippolita D'Aragona vennero approvati gli Statuti che riconoscevano una certa autonomia amministrativa ai letinesi. Ultimo feudatario fu Marco Aurelio Carbonelli che governò sino alla abolizione del feudalesimo (1806). Nel 1877 fu proclamata la Repubblica sociale anarchica dalla Banda del Matese composta da militanti anarchici della Federazione anarchica italiana che insieme alle masse popolari locali issarono la bandiera rosso-nera nel comune. Dal 1927 al 1945 appartenne alla provincia di Campobasso a causa della temporanea soppressione della provincia di Caserta."
47,Medievale,IX,,"Fino al 1862 si è denominata Schiavi o Schiavi di Formicola. Schiavi deriva da “Sclavi”, ‘slavi’, e allude ad antichi insediamenti di popoli barbarici.","Liberi è l'antica Villa Sclavia, poi Villa Schiavi, borgo alle dipendenze dell'Abbazia benedettina di San Salvatore Telesino. Nel 1097 vi dimorò sant'Anselmo d'Aosta, mentre nel 1737 fu la volta di sant'Alfonso Maria de' Liguori che vi scrisse ""Le glorie di Maria"". Nel 1487 il feudo di Villa Schiavi fu proclamato di proprietà regia per poi diventare possedimento dei Carafa, signori di Formicola. Il 16 ottobre 1943, nel contesto della Campagna d'Italia durante la seconda guerra mondiale, vi fu una dura battaglia tra americani della III Divisione e tedeschi del 29° e 115° Panzer Grenadier Regiment per la conquista di Villa Liberi. Gli americani entrarono nell'abitato del paese all'alba del 17 ottobre, non trovando resistenza poiché i tedeschi erano ripiegati verso Dragoni. Prima della ritirata, i tedeschi ferirono gravemente un contadino che aveva dato ospitalità a due americani feriti, fecero saltare in aria una casa uccidendo due bambini napoletani e, secondo l'Atlante delle Stragi naziste e fasciste, uccisero una donna in circostanze non chiarite."
48,Medievale,XI,,"Nel V secolo si parlava di Rusiano o Rosciano, nel VIII e il X secolo Ruczano e Rizzano, nel XIII in poi in volgare Luxanis e dunque Lusciano.","Menzionata nelle fonti documentarie a partire dall’XI secolo d.C., fece parte nel Medioevo dei territori soggetti al dominio dei longobardi di Benevento; in seguito si succedettero alla sua guida gli esponenti di diverse illustri famiglie, come i Filomarino, i Marramaldo, i Caracciolo, i Lucarelli di Aversa, cui pervenne nella seconda metà del Seicento, e i Mollo. Le vicende risorgimentali videro l’attiva partecipazione della comunità, che costituì una “vendita” della Carboneria. Aggregata alla vicina Aversa nel 1929, riacquistò l’autonomia amministrativa nel 1946. Nel 1990 la cittadina venne attraversata da Papa Giovanni Paolo II durante la Visita pastorale ad Aversa."
49,Romana,,,"Il toponimo Macerata riflette il latino maceria (per maceries), già al V secolo d.C., nel senso di città abbattuta, ridotta in macerie, distrutta","La sua storia è legata, per le origini, con quella di Capua antica, corrispondente all'attuale Santa Maria Capua Vetere, essendo stata parte di quest'ultima per lunghissimi secoli, fino all'anno 841 (anno dell'invasione dei saraceni, che distrussero Capua antica). Di qui la storia di una popolazione che fu dominata da longobardi, normanni, svevi, angioini e aragonesi. Secondo Francesco Granata la città di Capua antica si estendeva in un territorio di circa sei miglia e che al suo tempo. Presso la cappella della Beata Vergine delle Grazie di Macerata Campania sorgeva la Porta Atellana di Capua antica dalla quale partiva la Via Atellana, che conducendo a destra dell'allora casale di Macerata congiungeva Capua antica ad Atella"
50,Preromana,VIII,,"Nel corso del tempo vari studiosi si sono cimentati nella ricerca dell'origine del toponimo Mataluni, ma non si è ancora giunti ad una conclusione certa. Secondo il Mazzocchi questo nome fosse venuto al castello dalla voce araba di Magdalo, che vuol dire appunto castello. Per don Francesco Piscitelli, il toponimo deriverebbe dal principe Matalo, capitano dei Galli Boi che seguirono Annibale nella sua discesa in Italia durante la seconda guerra punica. Altra ipotesi vorrebbe che il nome derivi, dal Medioevo, da ""Mezza Luna"", descrivendo così la forma che è andata assumendo l'espansione del centro abitato rispetto alla collina che sorge dietro di esso. Una quarta ipotesi vede la città citata al tempo dei Romani con il nome di Meta Leonis, ovvero a forma di leone, sembra a causa di un masso di tale forma sito nei pressi.","Al confine tra gli attuali comuni di Maddaloni e di San Nicola la Strada, lungo la via Appia, sorgeva la città etrusca di Calatia, fondata probabilmente intorno all'VIII secolo a.C.  I primi abitanti della città furono gli Osci, un popolo prettamente campano, del quale purtroppo scarne sono le notizie; successivamente arrivarono gli Etruschi, poi i Sanniti, e solo nell'anno 309 a.C. la città fu conquistata dai Romani. A partire dal II secolo d.C. Calatia, come il resto della Campania e dell'Impero Romano, visse un periodo di decadenza a causa delle orde barbariche provenienti dai paesi del nord Europa, dall'Asia e dall'Africa alla conquista di nuovi territori. Una nuova fase storica iniziò per la città nell'anno 439, quando fu istituita la diocesi ad opera di sant'Augusto, primo vescovo di Calatia e si racconta anche che abbia operato dei miracoli nella stessa città, risuscitando dei morti, dando la vista a dei ciechi e convertendo alcuni Giudei che abitavano la zona. La diocesi dovette assumere una forte importanza al punto tale che, quando la città subì le ultime devastazioni (nel corso del IX secolo), istituzionalmente essa fu traslocata a Casahirta, l'attuale Casertavecchia sul Monte Virgo. Gli abitanti del borgo di Maddaloni, a partire dal XII - XIII secolo, incominciarono a costruire nuove abitazioni fuori dalla cinta muraria del castello. Ma la svolta decisiva per Maddaloni avvenne nel 1460, quando tutto il borgo fu dato alle fiamme da Ferrante d'Aragona, re di Napoli per la ribellione del nuovo feudatario Pietro da Mondrago, e quindi il castello e il borgo all'interno della cinta muraria furono abbandonati. Nel 1465 Ferrante I di Napoli concesse il feudo di Maddaloni a Diomede I Carafa. La famiglia napoletana dei Carafa, tenne Maddaloni fino all'eversione della feudalità nel 1806. Tra il XVI e il XVII secolo la città di Maddaloni visse allora un lento ma decisivo miglioramento: furono ampliate piazze, costruite nuove chiese e migliorate le preesistenti, edificati nuovi palazzi e, dato ancora più importante, ci furono risvegli commerciali. Il XVIII secolo costituì il momento di maggior splendore per la città, in particolar modo l'anno 1734, quando Carlo III di Borbone consegnava al Duca Marzio Domenico IV Carafa il titolo di Città per Maddaloni, che così era diventata ufficialmente un punto di riferimento culturale, sociale ed economico di tutta Terra di Lavoro."
51,Medievale,VI,500.0,"Si sa da diversi documenti notarili dell'abbazia di Montecassino, che sul territorio esisteva un convento chiamato ""Monasterium Sancti Benedicti in Lauriano"" che per diversi secoli era proprietario di diversi possedimenti. Uno di questi evidenzia che uno dei primi nomi della città è stato ""Marcenisi in Liburia"". Dunque nei documenti antichi la zona era chiamata Liburia. Il toponimo odierno è un composto di “Marciano” e del suffisso -ENSIS, che esprime un rapporto di pertinenza; “Marciano” a sua volta è formazione aggettivale dal personale latino MARCIUS, con l'aggiunta del suffisso -ANUS.","Il comune è bagnato a Sud, per circa 10 chilometri, dal fiume Clanio e attorno all'anno 1.000 a.C. fu dimora degli Osci, un popolo dedito all'agricoltura; dal VII al V secolo a.C. furono in contatto con popoli più evoluti, inizialmente Etruschi e Greci, in seguito anche con Sanniti e Romani; la collaborazione tra di essi contribuì allo sviluppo del territorio. Le origini di Marcianise sono incerte: alcuni storici affermano che potrebbe essere stata edificata durante la dominazione dell'Impero romano. Secondo alcuni studiosi, Marcianise sarebbe stata una colonia autonoma di «prodi veterani Romani» dedotta da Gaio Giulio Cesare nel 59 a.C. dopo il cosiddetto ""Primo Triumvirato"" e destinata ad ospitare ventimila famiglie di veterani. Secondo un'altra ipotesi, la città è stata costruita nel 500 dagli Ostrogoti che cercavano un rifugio dopo aver perso la guerra contro i Bizantini. È molto probabile che gli Ostrogoti si siano uniti al popolo nativo degli Oschi che vivevano nella vicina città di Trentola. Nel periodo medievale il territorio di Marcianise divenne progressivamente paludoso a causa delle continue inondazioni del fiume Clanio. Nel 1300 Marcianise inizia ad estendere il suo territorio. Le paludi con il tempo si sono prosciugate rendendo i terreni sempre più coltivabili, e vecchie zone di campagna si trasformano in aree residenziali. Dal punto di vista economico crebbe la sua importanza ed i fondi di Trentola e di Loriano vennero donati il 17 ottobre 1349, come feudo a Sergio Orsino, signore di Acerra. Nel prosieguo i destini delle due terre si separarono. Gli successe il figlio Nicolò, duca di Venosa. Dopo vari passaggi, il possesso perviene ai Caracciolo, ed in seguito ai Guevara Suardo. Nel 1436 Marcianise, dopo una debole resistenza, viene occupata dalle milizie di Re Alfonso V d'Aragona, durante la sua conquista del Regno di Napoli. Nel 1647 fu occupata dalle milizie di Enrico II di Lorena duca di Guisa venuto a Napoli durante l'insurrezione popolare antispagnola per rivendicare il suo diritto al trono. Durante il XVIII secolo Marcianise e molte città vicine vennero colpite dalla siccità e da un'epidemia di colera. Nel 1872 Vittorio Emanuele II di Savoia promulga un decreto nel quale conferisce a Marcianise il titolo di città e le attributì uno stemma. Nel 1943 i Nazisti hanno effettuato un eccidio nella città di Marcianise."
52,Romana,,,"Il nome ha origine da un tale Marcius che era proprietario della zona. La specifica Appio deriva, secondo la tradizione, da Appio Claudio, fondatore del primo insediamento.","La sua fondazione, risalente all’epoca romana, è attribuita dalla leggenda al console Appio Claudio. Nell’alto Medioevo il territorio di Marzano Appio faceva parte della Diocesi e della Contea longobarda di Teano; fu feudo della famiglia Marzano dal 1180 al 1464 quando fu confiscato e devoluto al Demanio regio.Nel 1544 il territorio di Marzano con i suoi casali fu venduto a Tiberio De Gennaro, dal quale, dopo varie vicissitudini, passò ad Ansaldo Grimaldi, marchese di Modugno.Successivamente Marzano fu messo all'asta ""de ordine Sacri Concilil'"" e ne entrò in possesso Antonio Monile per poi andare in successione ai figli che nel nel 1629 Monnile vendettero Marzano a don Andrea Laudati. Nel 1730 il Laudati vendette la terra di Marzano a don Pietro Lagni. Da questi passò a don Andrea Masimiro D'Ambrosio, duca Delli Quadri e, infine, al conte Giulio del Balzo. A Marzano, nell'Ottocento, la Giovane Italia trovò numerosi proseliti che, scoperti, furono esiliati in Romagna."
53,Preromana,,,"Deriva dal nome di persona Minius o Maenius o Mindius. La specifica ""Monte Lungo"", fa riferimento al monte presso il quale si svolse una battaglia cruenta che apportò gravi danni alla zona.","Sidicini sono il primo popolo che gli studiosi ritengono abbia abitato l'area. Gli Etruschi poi fondano qui la città di Cesennia. La città, in posizione strategica, passa successivamente sotto il  controllo romano.  Vi erano mura difensive che fungevano anche da acquedotto alimentato dal rio Rava. Mignano viene a far parte del longobardo Ducato di Benevento. Nel 776, fa parte della Contea di Capua. Nel 1139 a Mignano si svolge la battaglia tra i Normanni, guidati da Ruggero II di Sicilia e l'esercito di papa Innocenzo II. Il papa viene sconfitto e catturato: è condotto nel castello di Mignano e qui firma le condizioni di pace. Nei secoli successivi Mignano passa dagli Svevi agli Angioini e successivamente agli Aragonesi. Questi assegnano il feudo a Ettore Fieramosca. Nel 1734, le truppe di Carlo di Borbone assalgono il feldmaresciallo von Traun che si trovava nella fortezza di Mignano. Quest'ultimo si rifugerà precipitosamente a Capua. Durante la seconda guerra mondiale a Mignano si combattono due battaglie nell'ambito della campagna d'Italia."
54,Romana,III,296.0,"La più plausibile è che esso sia stato plasmato, quasi per abitudine, dalla popolazione locale durante l'epoca dei primi nobili normanni. In questo periodo, infatti, uno dei tanti ""Reggenti"" della Rocca Montis Dragonis che, per un tempo brevissimo, ebbe l'onere e l'onore di amministrare le terre di Mondragone, fu il normanno Drogone d'Altavilla . Questi chiamò ""Rocca"" la nascente fortificazione militare fatta costruire sui primi villaggi posti sul Monte Petrino. Non un nome di fantasia il suo, ma scelto in onore della figlia, Rocca d'Altavilla. Gli abitanti, poi, collegandola a lui, partorirono il nome di Rocca di Drogone (in quanto possessore) che, inevitabilmente, col passare del tempo si è trasformato in Rocca Monte del Dragone.Altra ipotesi, invece, e forse la più suggestiva e leggendaria, è quella che vuole la presenza di un drago sulle pendici del Monte Petrino","Le origini del centro abitato risalgono all'epoca Quaternaria e i primi abitanti della zona, furono gli Aurunci. Questi vivevano in villaggi sparsi sul territorio, privi di fortificazioni e quindi furono facile preda dei Romani che nel 296 a.C. fondarono la colonia di Sinuessa. A partire poi dal II secolo a.C. cominciò a diffondersi la coltura della vite: in poco tempo la produzione vinicola del Falerno, raggiunse risultati molto rilevanti e la città cominciò a godere di larga rinomanza. Nel I secolo d.C. la città raggiunse il più alto splendore anche per l'inaugurazione della via Domiziana. Dalla fine del II secolo, però, iniziò la decadenza, dovuta ad una crisi dell'agricoltura. Nel 375 Sinuessa subì enormi danni a causa di un terremoto e i sopravvissuti, anche per trovare scampo dalle continue invasioni barbariche, si rifugiarono sulle pendici del Monte Petrino, dove edificarono la Rocca Montis Dragonis. A metà del 1300 le prime pietre della futura città di Mondragone stavano prendendo forma: l'insediamento sulla Rocca ormai non era più sicuro. Negli anni era stato un formidabile riparo dagli attacchi dei nemici e luogo di sicurezza per tutti gli abitanti, ma ora le necessità stavano cambiando e quel punto rendeva impossibile lo svolgimento delle più piccole azioni quotidiane. Lentamente una prima parte della popolazione iniziò a scendere a valle  e a costruirvi i primi insediamenti. Nacque un primo villaggio che prese il nome di ""Villa dei Marchi"". Le invasioni continuarono durante tutto il Medioevo e la città si ridusse ad un misero villaggio rifugiato sul vicino monte, che prese il nome di Petrinum. All'inizio dell'XI secolo fecero la loro apparizione i Normanni che occuparono l'antico villaggio romano Petrinum e ampliarono la fortificazione della Rocca. La Rocca fu importante postazione militare sia sotto gli Svevi che con gli Angioini. Il territorio passò nelle mani di vari signorotti locali, dai Marzano, Duchi di Sessa, ai Carafa con Antonio Carafa di Stigliano e nel 1461 era stato elevato a Ducato. Alla morte di Nicola Gusman Carafa, Principe di Stigliano, il feudo fu messo in vendita ed acquistato, nel 1691, dal Marchese di Clarafuentes, Don Marcantonio Grillo. Don Domenico Grillo, fu l'ultimo duca di Mondragone fino al 1806, anno in cui venne abolita la feudalità. Dopo la dominazione francese del Regno di Napoli (1815), Mondragone ritornò nelle mani dei Borbone e vi rimase fino alla proclamazione del Regno d'Italia (1861)."
55,Romana,III,210.0,"Il toponimo Orta deriva dal termine latino hortua (col diminutivo Hortula) plurale di Hortus = orto, giardino, terreno coltivato","Il villaggio, infatti, nacque nel territorio di Atella, posto a Nord Ovest dell'antica città e i suoi campi furono, sin dalla più remota antichità, sfruttati per la coltivazione di prodotti agricoli. Dopo l'occupazione di Atella da parte dei Romani 210 a.C., infatti, il suo territorio venne confiscato e destinato ad un intensivo e più razionale uso agricolo. Più tardi, con la Pax Augustea, tale occupazione divenne stanziale. Ebbero così origine le numerose villae rusticae (masserie) sparse per la campagna atellana, con aumento ed organizzazione migliore dell'agricoltura allo scopo di uno sfruttamento sempre maggiore dei campi da coltivare. Dalle masserie, poi, nella vasta piana di pertinenza nasceranno, più tardi, tanti piccoli villaggi che,  a loro volta, saranno gli antesignani dei futuri casali e paesi medioevali .. Con le popolazioni barbariche, la Diocesi di Atella continuò ad esistere nell'antica città, pur rovinata e semi-abbandonata; sotto i Normanni, invece, la sede vescovile atellana dovette passare ad Aversa, città-contea da loro fondata nel 1030."
56,Medievale,X,,"Deriva dal latino paretis ossia parete, ""rudere antico"", riferendosi forse ad un antico monastero cassinese.","Le prime notizie sicure sulla sua esistenza risalgono al X secolo e a quell’epoca risale molto probabilmente anche l’origine dell’abitato, sviluppatosi intorno a un edificio religioso, chiamato nei documenti CELLA SANCTI PETRI ed edificato dai monaci benedettini dell’abbazia di Montecassino. Successivamente nell'età feudale il borgo raggiunse il rango di ducato e fu proprietà di varie nobili famiglie del regno di Napoli, tra cui i Caracciolo, i Cossa o Coscia ed i Moles.  L'odierna estensione territoriale è stato configurata a metà Settecento, quando fu istituito il catasto borbonico di re Carlo III."
57,Medievale,XI,,"Il toponimo è una formazione prediale da un personale latino come PASTOR o PASTORIUS, cui è stato aggiunto il suffisso aggettivale -ANUS, che indica appartenenza.","Il territorio comunale pastoranese è collocato in un'area, la cui urbanizzazione, cominciata in età preromana, vede ampio sviluppo con i romani, che strutturano e organizzano tutta la fertile pianura dell'agro campano. Nella seconda metà del III secolo, una vasta crisi agraria ed economica investì l'intero Impero romano, e le regioni meridionali dell'Italia in particolare. La crisi fu aggravata dalla crescente minaccia dei barbari ai confini dell'Impero, i quali ne accelerarono i processi di dissolvimento. Sotto la minaccia delle invasioni barbariche si compie quindi l'atto che consacra l'involuzione dell'urbanesimo imperiale. Proprio in questo clima si spiega la formazione dell'originario nucleo di Pastorano, piccolo insediamento dedito alla prevalente attività pastorizia. L’origine vera e propria del comune risale al XI secolo per iniziativa di alcuni abitanti di Capua, che si trasferirono in questi luoghi alla ricerca di pace e sicurezza."
58,Medievale,XIII,1205.0,"Il nome ci indica esplicitamente la struttura e la posizione geografica del luogo: una ""piana"" (dal latino plana, pianura) del ""monte Verna"", ai cui piedi si estende.","I primi cenni li troviamo in una pergamena dell'Archivio Capitolare datata 1205 (fasc.6 n.30, ora II.5) dove si nomina una terra sita nella Piana di Caiazzo a Sant'Angelo, In un'altra del 1256 si parla di una terra sita ""alla Piana sotto la Chiesa di Sant'Andrea di Polizzano"". In una terza del 1309  si nomina la Villa dei Martelli nella Piana. Una quarta del 1326 si nomina il Casale di Porciano. In una quinta, infine, del 17 maggio 1326 si parla della Villa di Polizzano e della terra di S.Andrea della Piana di Caiazzo. Nel 1567, monsignor Fabio Mirto unì le parrocchie di Sant'Angelo ai Martelli e di San Silvestro a Vascelli a quella di Sant'Andrea. Una volta, poi, edificata l'attuale Chiesa dello Spirito Santo, le tre parrocchie furono riunite sotto quest'ultima e, già dal 1618, come appare dalla visita di monsignor Filomarino, il parroco risiedeva stabilmente nella chiesa dello Spirito Santo. Si rileva che nella Diocesi di Caiazzo vi furono due case dei Benedettini: quella di Sclavia e quella di Santa Croce Montis Vernæ. Presso la prima sorse la Villa Sclavia, mentre presso la seconda sorse la Badia che si chiamò Villa Santa Croce. Pertanto si suppone che l'attuale frazione, avente lo stesso nome, sia sorta a causa della Badia Benedettina. Di questa se ne trova menzione in una pergamena del 1267."
59,Medievale,IX,,"Il toponimo, che è stato Piedimonte fino al 1862 e Piedimonte d'Alife fino al 1970, allude alla posizione dell'abitato; la specificazione deriva dalla base prelatina MAT–, ‘altura, monte'.","I reperti archeologici e i resti delle mura megalitiche testimoniano una presenza umana nella zona fin dall'età neolitica. Il monte Cila, in epoca sannitica ospitava un insediamento. Nel IX secolo si formò il primo nucleo abitato di Piedimonte, Il piccolo borgo in quel periodo dipendeva dai conti longobardi di Alife. Nel corso dei secoli fu dominata da varie famiglie: dai De Busson ai D'Aquino, dai Della Leonessa ai Gaetani d'Aragona che la tennero fino all'eversione della feudalità. Nel 1229 fu assediata senza successo dall'esercito pontificio destinato a combattere Federico II di Svevia mentre nel 1437 fu devastata dalle truppe inviate da papa Eugenio IV contro Alfonso d'Aragona. La città risultò essere nuovamente vittoriosa nel 1460, quando resistette ai baroni ribellatisi a Ferrante d'Aragona ma nel 1503 fu saccheggiata dagli spagnoli. Dal 1561 cominciarono a risiedere a Piedimonte i vescovi di Alife. Le fu attribuito per la prima volta il titolo di città nel 1530 da Carlo V d'Asburgo. Sotto i Borbone anche a Piedimonte fu redatto il catasto onciario, il quale fotografò la situazione socio-economica della città nella metà del XVIII secolo. Nel 1799, ai tempi della Repubblica Napoletana, Piedimonte fu elevata a capoluogo di distretto. Cacciati i Borbone, Piedimonte ebbe un importante rilancio economico sotto il periodo della dominazione francese (1805-15). Durante l'unificazione italiana vi fu costituita la ""Legione del Matese"", un gruppo di volontari che si distinse nella battaglia del Volturno combattendo con i garibaldini contro l'esercito del Regno delle Due Sicilie. Subito dopo l'unificazione italiana Piedimonte diventò sede di sottoprefettura e capoluogo di circondario. Nel 1900 fu disposta con legge nazionale la bonifica della piana del Medio Volturno e nel 1927 fu fondato il Consorzio di bonifica.  Dal 1927 al 1945 appartenne alla provincia di Benevento, a seguito della temporanea soppressione della provincia di Caserta in epoca fascista. Nell'ottobre 1943, durante la seconda guerra Mondiale, fu bombardata dagli americani e poi ulteriormente colpita dai guastatori tedeschi in ritirata. Nel secondo dopoguerra mutò il suffisso da Piedimonte d'Alife in Piedimonte Matese."
60,Medievale,,,"Il toponimo, citato in Catalogus Baronum (1150-1168), è un composto di “pietra”; la seconda parte potrebbe derivare dal latino MILIARIA, con riferimento a una pietra miliare, oppure da MULARIS, ‘da muli’, con riferimento a un sentiero praticato con muli, oppure da MOLARA, ‘macina, mulino’.","Grazie ad importanti ritrovamenti archeologici si sono rinvenute nel territorio del Monte Maggiore numerose tracce di forme di vita risalenti all'epoca pre-romana. Fondata da Landolfo ed Adenolfo, principi longobardi, nel primo medioevo, Pietramelara fece parte prima dei possedimenti della badia di Montecassino e, successivamente del feudo della limitrofa Roccaromana. Alla morte di Filippo de Roccaromana, il vasto feudo passò in potere della regia corte non molto tempo dopo lo divise e lo dette in concessione. Quindi Pietramelara, fu data a Eduardo Colonna ed in seguito a Federico Monforte. Il 13 marzo 1496, dopo 15 giorni d'assedio, perirono i 2/3 degli abitanti mentre i sopravvissuti vennero venduti come schiavi. I vincitori lasciarono libere soltanto sette famiglie che iniziarono la ricostruzione sulle rovine della città distrutta. Alla fine del 1600 Pietramelara divenne feudo della famiglia Giovene ed infine dei Di Palma, sino all'eversione della feudalità."
61,Medievale,XI,1070.0,"Il toponimo, citato in Catalogus Baronum (1150-1168), è un composto di “pietra”; la specificazione fa riferimento al vicino comune di Vairano Patenora e rappresenta una formazione prediale dal personale latino VARIUS, con l’aggiunta del suffisso aggettivale -ANUS.","Menzionato in un documento del 1070, conservato nell'archivio dei Benedettini di Montecassino, come Castrum Petrae, il toponimo è anche citato nel Catalogus Baronum (1150-1168) di epoca normanna che lo attribuisce come feudo ad un personaggio della famiglia de Petra, che proprio da quel feudo prende il suo nome, Alexander de Petra, definito signore del castello di Petra; in seguito altri personaggi della famiglia, citati nei registri angioini, vengono definiti signori di Petra: Giovanni de Petra (1272), suo figlio Roberto (1276), Seneballo de Petra (1289), Nicola III de Petra (1415). Successivamente fu feudo dei de Roccaromana, dei Marzano, dei Cicinello, dei Como, dei Montaquila e, alla fine del secolo XVI, passò stabilmente alla famiglia Grimaldi, che lo mantenne fino all'eversione della feudalità."
62,Medievale,XIII,1268.0,"L'origine della denominazione Pignataro segue diverse ipotesi: il nome potrebbe derivare da un Pinetarium = Luogo di una pineta oppure il termine Pignataro, sia come nome del Casale, potrebbe venire dal cognome di una famiglia capuana. Ancora un'altra ipotesi vorrebbe far derivare il nome dal mestiere dei pignattari (= fabbricanti di pignatte) in relazione al mestiere dei primi abitanti del paese.","La storia di Pignataro, in età romana, è ricondotta a quella della città antica di Cales. Zona di cuscinetto tra il Lazio e il Sannio. Nel 420 a.C. i Romani, sconfitti i Sanniti che l'occupavano, la ridussero a Colonia romana. Poco più di un secolo dopo, la fiorente colonia romana cadde di nuovo sotto il dominio dei Sanniti prima nel 298 a.C., e di Annibale poi, nel 211. Per colmo di sventura, trasferitasi la guerra punica dall'Italia nella Spagna, Cales dovette subire anche rappresaglie delle milizie romane per non avere fornito a Roma i richiesti aiuti militari e flnanziari. Inizia così per Cales il periodo oscuro della decadenza. In che epoca sia sorto Pignataro Maggiore non è possibile asserirlo con certezza. I documenti più antichi a disposizione ci testimoniano l'esistenza di un Casale di Pignataro in territorio capuano, negli anni 1275-1277; una pergamena dell'archivio arcivescovile di Capua fa menzione di una villa Pignataro per l'anno 1268. Nel 1647, al tempo della rivoluzione di Masaniello, Calvi e Pignataro furono saccheggiate dalle truppe di Diomede Carafa. La casa vescovile fu quasi diroccata e l'archivio incendiato; il vescovo di allora, Gennaro I, trasferì la sede vescovile a Pignataro. Il 20 maggio 1815 a Casa Lanza, nel comune confinante di Pastorano, fu firmato il trattato di pace tra Gioacchino Murat e l'Austria. Nel 1869 veniva fondata la Congregazione di Carità. La Banda Musicale fu costituita nel 1878. Il 12 e il 14 ottobre del 1943, nei pressi di alcune abitazioni rurali delle contrade Taverna (12 ottobre) e Arianova (14 ottobre) di Pignataro Maggiore, sono avvenute due stragi naziste che costarono la vita a 20 civili. Due stragi accompagnate da altri cinque delitti isolati perpetrati, nel centro abitato, con fredda determinazione dagli uomini della Goering."
63,Medievale,X,,"Il toponimo, citato in Catalogus Baronum (1150-1168), deriva dal latino LATRO, LATRONIS e significa ‘ponte (del) ladrone'.","Pontelatone nacque probabilmente nella metà del X secolo nel periodo dell'incastellamento. Nel periodo normanno appartenne alla baronia di Formicola e il feudatario era un certo Manasseus. Dal 1189 al 1268 fu posseduto dalla famiglia Montefuscolo. Nel periodo angioino Pontelatone e la baronia di Formicola divennero possesso feudale di Emanuele Freapane (Frangipane). Nel 1268 Carlo II assegnò la baronia di Formicola alla città di Capua. Sotto Carlo II d'Angiò Pontelatone divenne possesso della famiglia Ragosio di Dragono. Nel 1465 Ferrante I d'Aragona concesse la baronia di Formicola, nella quale era inserita Pontelatone, a Diomede I Carafa. Gian Tommaso Carafa, figlio di Diomede I, gli successe nel feudo e si occupò sia di rimodellare la struttura del convento dell’Annunciazione di Maria Ss., aumentandone anche le rendite, sia di abbellire, insieme al figlio Diomede II, il castello costruito dal Marzano, andandovi anche ad abitare. Negli anni 1547-1549 il conte di Maddaloni Giovanni Diomede Vincenzo Carafa concesse il privilegio della Portolania, pesi e misure a Gian Tommaso Carafa su Maddaloni, Pontelatone, Formicola, Sasso ed altre località."
64,Medievale,XI,,"Il toponimo, che è stato semplicemente ""Portico"" fino al 1862, è di chiara derivazione, ma non è noto se fa riferimento al portico di un antico monumento o ad altro.","Menzionata nei documenti a partire dall’XI secolo, fu casale di Capua e ne seguì sempre le sorti. Nel Settecento, in seguito alla costruzione della reggia di Caserta, conobbe una certa prosperità e una significativa espansione edilizia: infatti, data la sua vicinanza alla nuova residenza reale, numerose illustri famiglie scelsero di porvi la propria dimora. Nel 1928, con la soppressione della provincia di Terra di Lavoro, fu aggregata alla vicina Macerata Campania e formò un unico comune chiamato Casalba, ma nel 1946 riacquistò la propria autonomia amministrativa."
65,Medievale,VI,600.0,"Dal toponimo, appare evidente l'origine latina: Prata-orum. La citazione di questo toponimo (nel 1862 si aggiunse Sannita) appare per la prima volta nel 958 nel “Chronicon”, documento ritrovato nel monastero di San Vincenzo al Volturno.","Il territorio pratese ha da sempre favorito l'insediamento umano, come dimostrano gli antichi strumenti in pietra scheggiata ritrovati. Questi utensili usati per la caccia e per la concia delle pelli, coprono un ampio arco di tempo che parte dal Paleolitico medio (circa 70.000 anni) e si protrae in forma più sporadica al tardo Neolitico. In questo territorio si stabilirono anche i Sanniti. Dopo le guerre sannitiche, anche Prata subì gli influssi della dominazione romana. Già zona periferica ricadente nel perimetro della città di Allifae (Alife) nel periodo tardo romano a partire dal V secolo la zona si andò lentamente spopolando e subì le scorribande ed i saccheggi da parte dei Saraceni. Successivamente a partire dal Sec.X l'influenza e la protezione dei Territori vicini ne favorirono il ripopolamento. Fonti storiche danno per certa l'esistenza di Prata sin dal 600 d.C. Tra il IX e il X secolo d.C. i Saraceni effettuarono numerose scorrerie in questa zona. A partire dall'anno Mille, Prata acquista sempre più importanza militare e politica ed è parte della contea di Alife con proprio baroni. Nel 1334 i Pandone diventarono i signori di Prata e l'amministrarono per circa 200 anni. Dopo la morte di Enrico nel 1531, il potere passò nelle mani di diverse famiglie ed ebbe inizio la lenta decadenza del luogo. Il territorio venne interessato dal fenomeno del brigantaggio, in special modo nel corso del 1861, quando fu continuamente percorso da bande brigantesche. In quest'anno la cittadina partecipò al moto rivoluzionario contro i Piemontesi. Agli inizi del 1907, la Società Meridionale di Elettricità costruì, al di sopra della Grotta di Cavuto una diga di sbarramento del fiume Lete. Con la seconda guerra mondiale, Prata ospitò un notevole numero di truppe, sia alleate che tedesche. A partire dal 15 settembre 1943 il paese fu continuamente preda di razzie da parte delle truppe di occupazione tedesche. Il 24 ottobre 1943 venne distrutta la centrale elettrica. Il 31 ottobre gli americani entrarono in Prata Inferiore mentre la notte successiva veniva occupato il centro del paese."
66,Medievale,,,"Il toponimo è un diminutivo formato su “Prata”, termine che deriva dal latino PRATA, ‘prati’.","In località Roccavecchia sono stati rinvenuti mattoni, antiche tombe e numerosi reperti che testimoniano la presenza di un insediamento durante l'età sannita.  L'attuale abitato risale al medioevo ed era originariamente chiamato Pratilla. Pratella ricevette l'autonomia divenendo comune autonomo e distaccandosi da Prata con Regio Decreto del 17 febbraio 1907. Alla soppressione della Provincia di Terra di Lavoro nel 1927, fu aggregata alla provincia di Campobasso. Nel 1943 il suo territorio subì più volte bombardamenti americani a partire dal 19 ottobre. La popolazione rimasta fu espulsa dai tedeschi che occuparono le abitazioni favorendo così altri cannoneggiamenti. Il 30 ottobre in serata gli americani riuscirono a occupare Pratella anche se gli scontri nelle contrade continuarono per alcuni giorni. Nel 1945 ritornò dalla provincia di Campobasso a quella di Caserta."
67,Medievale,,,"Il toponimo è una formazione prediale del personale latino PRESENTIUS, con il suffisso aggettivale -ANUS, che indica la proprietà fondiaria.","Le origini risalgono al popolo dei Sanniti, che costruì una prima rete di insediamenti sulle alture della zona, con fortificati con cinta di mura megalitiche a difesa e controllo dei passaggi verso Sesto Campano e la piana di Cesima. In età medioevale la popolazione si spostò sul colle. L'abitato entrò a far parte nel X secolo del principato longobardo di Capua e in seguito, sotto i Normanni, fu dominato nel 1097 da Landenolfo conte di Teano. Nel Duecento il feudo venne unito a Vairano per fondare un'unica baronia, che appartenne prima a Goffredo Caetani d'Anagni, quindi a Bartolomeo di Capua, ai d'Aquino, ai d'Avalos. Questi ultimi nel Cinquecento cedettero Presenzano e Vairano a Giovanni Vincenzo Cossa. In quello stesso secolo il feudo di Presenzano fu separato da quello di Vairano e passò ai Del Balzo. Già appartenuto alla provincia di Terra di Lavoro nel Regno delle Due Sicilie, in seguito alla spedizione dei Mille passò alla provincia di Campobasso nel Regno d'Italia, assieme ad altri 12 comuni. Tuttavia nel 1878 il solo comune di Presenzano tornò alla provincia di Terra di Lavoro."
68,Medievale,XV,1437.0,"Il toponimo è probabilmente un composto di RUBUS, ‘rovo’, e dell’aggettivo CANINUS.","La parte pianeggiante del territorio comunale, presso la sponda del fiume Volturno, fu sede della sannitica RUFRIUM, conquistata dai romani nel 326 a.C. Nel Medioevo, in seguito alle invasioni barbariche e alle incursioni dei saraceni, venne edificato a fini difensivi un insediamento fortificato, chiamato Rupecanina, che viene ricordato come il più grande castello normanno della media valle del Volturno. Feudo nel XII secolo dei normanni Riccardo e Andrea Drengot, nel 1437 Rupecanina venne devastata dalle truppe pontificie del cardinale Vitelleschi e la popolazione si trasferì nell’attuale abitato. Aggregata a Sant’Angelo d’Alife, acquistò l’autonomia amministrativa nel 1809."
69,Medievale,XII,1132.0,"Il toponimo sarebbe una deformazione di “Ercole” e farebbe riferimento a un antico insediamento ubicato nel territorio comunale; altre teorie vedono nella denominazione attuale una base preromana RECA–, che significa ‘solco’.","Ricari compare la prima volta in un documento capuano dell'Archivio del monastero di San Giovanni di Capua dell'aprile del 1132, si trattava di una donazione di tre pezze di terra al monastero. Nel 1259 ritroviamo Ricari in un altro documento capuano relativo alla vendita di due pezzi di terra nella località detta Villa Urbana. Nel 1265 la villa Ricari è citata in una pergamena che conferma il possesso di una terra sita nei pressi della villa Caturani. Recale compare in un documento capuano del 1429, relativo ad un territorio appartenuto alla nobile famiglia capuana de Aquino. Nel XVI secolo Recale continuava ad essere una «villa» della città di Capua.  Le famiglie capuane presenti in Recale erano: Massarus, Nigro, Ja de Ciccho, de Mayenza; mentre i restanti cittadini di Recale erano rappresentati dalle seguenti famiglie: Russo, Argentiano, Cutillo (o Cotillo), de Letizia, de Cuczolo, de Colza, Barbato, Morronese e Pellegrino. Nel 1557 Prospero Suardo acquistò per 550 ducati il feudo di Acerra e Capodrise dal marchese di Laino. Subito la città di Capua cercò di convincere il predetto marchese a vendere il feudo in questione alla città al medesimo prezzo. Ne nacque una lite che durò molti anni, ma alla fine il feudo rimase alla famiglia Suardo, che stabilì in seguito la sua residenza in Recale."
70,Medievale,VIII,,"Molto probabilmente durante la Seconda Guerra Punica Annibale passò per Riardo, e si narra che abbia buttato del sale sul villaggio che avrebbe poi chiamato Riardum. Tuttavia l'etimologia del nome è incerta e tuttora al centro di dibattiti. Un'altra ipotesi è che l'acqua minerale, allora probabilmente molto frizzante, desse l'impressione di ""ardere"" a chi la beveva, da qui rivus ardens poi diventato Riardo. Secondo altre fonti, il comune era chiamato in origine Liardo o Leardo, tramutato poi in Riardo.","È un centro di origine antichissime (IV secolo a.C.), già conosciuto dagli antichi romani per le sue acque minerali. Il suo castello, costruito dai longobardi, risale all'VIII secolo. Durante il periodo normanno e svevo, il feudo di Riardo è appartenuto alla famiglia Carafa. Nel 1229 il pontefice Gregorio IX, che aveva appoggiato l'insurrezione dei baroni nel regno di Sicilia, invase la provincia di Terra di Lavoro. Il re Giovanni di Gerusalemme, per impedire il passaggio dell'Imperatore Federico II che aveva liberato il territorio di Calvi dall'esercito pontificio, passò per Riardo, dove soggiornò per tre giorni. A seguito della conquista del regno di Sicilia da parte di Carlo I d'Angiò, il feudo di Riardo fu ceduto a Simone IV Conte di Monforte.Nel 1690 il feudo fu acquistato da Gedeone Cafaro che ne acquisì il titolo di Duca. Durante la Seconda Guerra Mondiale, a seguito dell'avanzata degli Alleati nel sud Italia, Riardo fu abbandonata dai tedeschi nella notte tra il 22 e il 23 ottobre 1943."
71,Medievale,X,915.0,"""Rocca"" si riferisce al castello, ma prima dell'XI secolo la località era un insediamento posto a valle, forse di origine romana, forse nato in seguito all'esodo delle popolazioni di Casinum ed Aquinum nel 582 a seguito delle scorrerie del longobardo Zotone, duca di Benevento.","Sorgono nel territorio del comune testimonianze d'insediamenti romani come l'approdo vinario in località Porto di Mola - Mortola e forse la stessa Vandra. Nel 1117 e nel 1343 due terremoti devastano molti centri della zona, tra cui Montecassino. Gli ultimi feudatari furono i Cedronio, prima baroni e dal 1677 marchesi di Rocca d'Evandro."
72,Moderna,XIX,1861.0,"Il nome (Roccae Monfinum che prende il nome dalla rocca della mia Fina) deriva dall'originario toponimo del monte Santa Croce, che in documenti intorno all'anno 1000 viene chiamato Monte Fino.","Sul monte La Frascara e sul monte Santa Croce, forse riferibili a semplici postazioni militari di difesa. Il nome deriva dall'originario toponimo del monte Santa Croce, che in documenti intorno all'anno 1000 viene chiamato Monte Fino. Fu in possesso feudale dei Marzano e dei principi di Stigliano. Nel 1618 entrò in possesso di una nipote di papa Clemente VIII, Elena Aldobrandini. Sotto il dominio borbonico divenne Terra Regia, diretto possesso del sovrano."
73,Moderna,XIX,1861.0,"Il nome è un composto di rocca (villaggio fortificato) e l'aggettivo romana. L'aggettivo contrappone i romani ai guerrieri sanniti che, secondo la tradizione, furono sconfitti.","La storia di Roccaromana inizia dalla distruzione dell'antica città Saticula , oggetto di contesa tra Sanniti e Romani già all'incirca nel 700 a."
74,Moderna,XIX,1861.0,"Il toponimo è di origine medioevale: Rocchetta è un diminutivo di rocca, mentre Croce si riconduce ad un elemento legato a tradizioni religiose.","Le notizie storiche fanno risalire l'esistenza di Rocchetta all'epoca dello splendore della Cales Romanica. Deve il suo nome all'antica Rocca sede della baronia dei Vescovi di Calvi. Difatti, attualmente il Vescovo titolare della Diocesi di Teano-Calvi conserva il titolo di Barone di Rocchetta. I due borghi di Rocchetta e Croce ebbero vita in seguito all'abbandono dell'antica Cales, più volte saccheggiata e poi distrutta dai Saraceni nel 879. Si dice che nella Rocca, costruita intorno all'VIII secolo, si mantenessero annidati i Saraceni che la tennero saldamente per molti anni. Era una Rocca praticamente imprendibile, tanto che i primi Normanni non tentarono neppure di occuparla dato che da tre lati vi era uno strapiombo ed il quarto un'erta."
75,Moderna,XIX,1861.0,"Il suo nome antico era Rajano il cui significato è stato interpretato in ara Jani, ossia un centro di culto campestre dedicato al dio italico Giano.","Agli inizi del XV secolo Raiano apparteneva alla famiglia dei conti di Celano, perché nel 1407 ne troviamo feudatario Nicola di Celano, conte di Celano e maestro di giustizia del Regno di Sicilia. Dal 1463 Raiano passò alla famiglia Monforte. Qualche anno più tardi don Antonio D'Iscara riceveva Raiano dall'Imperatore Carlo V in remunerazione dei suoi servizi. Nel 1578 la famiglia D'Iscara vendette Raiano a donna Alligra De Tassis."
76,Contemporanea,XX,1973.0,"Il nome è ispirato e riflette il culto del Santo patrono del paese: San Cipriano. La specifica ""d'Aversa"" lo distingue dagli omonimi.","Nel Settecento divenne feudo dei Di Capua, nobile famiglia napoletana. I principi Di Capua governarono sul Principato di Capua, che comprendeva un'area a nord di Napoli, che passava per l'Agro aversano sino al basso Lazio e l'Agro Pontino, comprendendo Capua, Cassino e Gaeta. Il secondogenito della famiglia Di Capua fu nominato Duca di San Cipriano e successivamente, per matrimonio ed in linea femminile, questo andò alla famiglia Del Tufo, per poi ritornare per matrimonio ai De Capoa."
77,Moderna,XIX,1861.0,"La frazione deve il suo nome a ""Castra Marcelli"" (letteralmente ""accampamento di Marcello""), poiché vi sorgeva l'accampamento del generale romano Marco Claudio Marcello","I primi insediamenti stabili in epoca più recente risalgono al X secolo d.C. quando si formò un primo nucleo abitato intorno ad una cappella intitolata a San Felice. Nel 1269 passava ai Pandoni a cui subentrarono i Reburco e avvicendandosi l'uno all'altro ai Boffa, agli Stendardo, ai Montaldo, fino ai Carafa 1791, quando i sei casali che si erano sviluppati nella zona riuscirono ad ottenere l'indipendenza comunale con il nome di «Sei Casali di Arienzo». La costruzione della ferrovia Napoli-Caserta fu ultimata intorno al 1840."
78,Moderna,XVII,1748.0,"l paese prende il nome da un'antica chiesa benedettina, oggi scomparsa, dedicata al culto di San Gregorio.","Fu poi a lungo uno dei casali di Piedimonte Matese. Nel 1742 fu richiesta l'autonomia a Piedimonte, discussa dall'Universitas della città matesina in una seduta del 6 dicembre. In quell'epoca l'arciprete riscuoteva le decime in segale ma la popolazione aveva difficoltà a racimolarle."
79,Moderna,XIX,1861.0,"Deriva dal cognomen romano Marcellinus, un patronimico di Marcellus, avente quindi il significato di ""di Marcello"", ""appartenente a Marcello"".","Il territorio di San Marcellino fu abitato sin dal periodo neolitico. Insieme a Frignano Maggiore, Marano, Frignano Piccolo e Briana, San Marcellino costituiva uno dei principali raggruppamenti della Liburia, la regione comprendente la Contea di Aversa."
80,Contemporanea,XX,1977.0,"L'attuale nome fu attribuito nel 1863 con Regio Decreto N. 946 del 26/10/1862, in onore e per devozione al santo patrono: San Marco.","Successivamente vi si sviluppò l’insediamento di Massarie, il quale durante il XVIII secolo ricadeva in parte sotto la giurisdizione di Capua, ed in parte sotto quella di Maddaloni. Nel 1762 i due nuclei, chiamati Massarie di San Marco e Massarie delli Perroni e separati soltanto da una strada, vennero uniti e presero il nome Casale delle Masserie."
81,Moderna,XIX,1862.0,"Il nome deriva dal santo patrono San Nicola Vescovo di Mira, nell'Asia Minore, (noto anche come San Nicola di Bari) in aggiunta alla via Appia Antica (""la strada"") che attraversa tutto il territorio comunale lungo la direttrice est-ovest.","La crescita demografica e socio-economica di San Nicola la Strada tuttavia inizierà solo nel 1700, all'ombra delle grandi costruzioni vanvitelliane. A partire dagli anni '70 del Novecento, grazie all'immediata vicinanza a Caserta e ai rapidi collegamenti autostradali con Napoli, San Nicola ha conosciuto un boom demografico senza precedenti, che ne hanno fatto un centro prettamente residenziale, vicino ai trentamila abitanti tra anagrafati e non ufficialmente registrati."
82,Contemporanea,XX,1943.0,"Indubbiamente legato al culto di San Pietro, il toponimo include in fine per riferirsi alla posizione di confine che occupava questo territorio quando faceva parte della Terra di San Benedetto. Secondo alcuni Infine deriva da ad flexum, ""presso la curva"".","Il borgo ha origine medioevale: rimangono ancora gli stretti vicoli a gradoni e alcune case di pietra calcarea con tetti lignei, ma questi sono solo pochi resti perché San Pietro Infine fu distrutto da quindici giorni di bombardamenti nel 1944. La posizione protetta ha tenuto lontano il centro dagli eventi tumultuosi della Provincia di Terra di Lavoro; al momento dell'Unità d'Italia, la stessa posizione ha favorito la diffusione dei briganti, tra i quali è rimasto famoso Domenico Fuoco. Le immagini di quei tetri momenti sono state ritratte nel documentario The Battle of San Pietro di John Huston."
83,Moderna,XIX,1862.0,"Il nome deriva da San Potito, santo del II secolo le cui reliquie, scoperte a Tricarico, vennero portate a Benevento da dove si irradiò il culto.",Il territorio comunale è stato abitato sin dall'antichità come hanno testimoniato alcuni ritrovamenti archeologici. Nel XV secolo era denominato Casale Sancti Potiti e dipendeva amministrativamente da Piedimonte Matese. Ottenne una prima ridotta autonomia da Piedimonte nel 1615 fino al definitivo distaccamento del 1749.
84,Moderna,XIX,1807.0,"Deriva dal latino Priscus, cognomen di un'antichissima gens latina, che significa 'delle prime età, assai vecchio'.","Il territorio della città di San Prisco è strettamente legato a quello della città di Capua di cui faceva parte. Capua fu fondata fra il XI e VIII a. Nella località chiamata Ponte di San Prisco, vicino al limite della cinta muraria della Capua antica, furono ritrovati i resti di una necropoli del IV secolo a. Divenne poi uno dei più importanti casali di Capua e tale rimase fino al 1807, anno in cui divenne Comune autonomo in seguito alla legge emanata l’08 agosto 1906 da Giuseppe Bonaparte. Nel 1928 il Comune fu aggregato alla città di Santa Maria Capua Vetere e solo nel 1946 riacquistò la piena autonomia amministrativa."
85,Moderna,XIX,1861.0,Il nome evidenzia la forte devozione verso il santo patrono: San Tammaro.,"Le prime fonti sull'esistenza di case rurali abitate risalgono al 440 d.C. anche se si immagina quasi certamente che esistessero prima dei feudi rurali degli abitanti della Capua antica poi distrutti dalle invasioni barbariche dei Goti. La fondazione di un vero e proprio villaggio si fa risalire alla venuta nel luogo del Santo Vescovo Tammaro, che avrebbe anche qui compiuto vari miracoli. Tra il 1000 d.C. e il 1130 d.C. i Normanni distrussero il vicino borgo di Savignano e i savignanesi sfuggiti al massacro si stabilirono proprio nel piccolo villaggio di San Tammaro. Importante per il comune fu la realizzazione della tenuta di caccia dei re di Borbone, la Reale tenuta di Carditello, comumente Real Casina."
86,Romana,I,,Il nome riflette il culto per San Michele Arcangelo a cui in epoca longobarda fu innalzato un santuario.,"Michele nei pressi della grotta omonima, un inghiottitoio carsico sito ai piedi della collina. Successivamente, tra X e XI secolo la popolazione si stabilì sulla cima della collina, a quota 535, ove furono costruite iniziali fortificazioni, potenziate dai Normanni agli inizi del XII. Riccardo di Ravecanina, e i figli Andrea di Ravecanina e Giovanni lottarono a lungo per il possesso del mastio e dell'intera contea. La rocca di Ravecanina o Rupe Canina, fu ristrutturata da Federico II, che l'assegnò ai cavalieri teutonici."
87,Moderna,XVI,1592.0,"Il nome Sant'Arpino deriva dalla volgarizzazione di Sant'Elpidio, vescovo e patrono del paese.","Sant'Arpino segue le vicende storiche di Atella essendone la continuità storica più stretta, per alcuni studiosi invece ha praticamente soppiantato la vecchia città ormai in rovine come ci dimostra un atto di vendita dell'820. I due nomi di Sant'Elpidio e Atella convivono ufficialmente fino a quando, sorta Aversa, tutto ciò che restava di Atella viene trasferito nella città normanna ed il piccolo borgo di Sant'Elpidio ne diviene uno dei suoi casali. Nel 1592 il paese diviene feudo ducale del marchese di Grottola Alonzo Sanchez de Luna d'Aragona e assume per la prima volta nella sua storia il nome ufficiale di Sant'Arpino. Nel 1946 col Decreto Legislativo Luogotenenziale del 29/3/46 viene ricostituito nella neonata Repubblica Italiana."
88,Etrusca,VI,598.0,Il toponimo di Santa Maria Capua Vetere è stato stabilito nel 1862. Esso è composto di due parti. La prima parte (Santa Maria) si riferisce alla denominazione che il centro abitato ebbe dal 1315 di Villa Santa Maria Maggiore. La seconda parte (Capua Vetere) fa riferimento alla antica città di Capua che insisteva territorialmente proprio dove nel ventunesimo secolo sorge Santa Maria Capua Vetere.,"Sul territorio cittadino sorgeva la antica Capua, chiamata altera Roma (l'altra Roma) da Cicerone nel I secolo a.C.. Le sue origini si devono probabilmente alla fusione di precedenti villaggi della cultura villanoviana. Fu in seguito città osca ed etrusca. Colpita dalle incursioni dei Vandali, venne distrutta nell'841 dai Saraceni. L'abitato moderno rinacque dal XII secolo a partire da tre casali sorti nei pressi delle basiliche cristiane di Santa Maria Maggiore o dei Surechi, di San Pietro in Corpo e di Sant'Erasmo in Capitolio."
89,Medievale,XIV,1319.0,"Il nome del paese è strettamente legato alla sua storia. In passato in zona si trovava una mutatio ad novas, ossia una stazione per cavalli, intorno alla quale si creò un vicus ad novas, ossia delle case e taverne per far riposare i viandanti. Con il tempo la specifica si trasformò in Novanensis. Inoltre, per la venerazione verso la Madonna il nome divenne Sancta Maria ad vicum Novanensem, che fu poi abbreviata e da cui deriva il nome attuale.","La città fu costruita dai romani in piena seconda guerra sannitica, con scopo militare. Terminata la funzione di città militare, l'Appia venne aperta al traffico pubblico e la città si arricchì di nuove case e di locali di ristoro. Il nuovo borgo venne chiamato Vicus Novanensis. Con la venuta dei barbari, il Vicus fu distrutto, e gli abitanti sparsi sulle colline. In seguito la città venne ricostruita. Con gli Aragonesi, Santa Maria a Vico ebbe un notevole sviluppo come piazza commerciale dell'Italia meridionale. Oggi Santa Maria a Vico funge da centro tra le province di Benevento, Caserta e Napoli."
90,Contemporanea,XX,1906.0,"Citato da Tito Livio con il nome di “Fossa Graeca” (Ab Urbe condita libri, XXVIII, 46), e oggi conosciuto con il nome di “Mazzoni”, il territorio ove sorge Santa Maria la Fossa era famoso nell'antichità per le coltivazioni di rose.","Citato da Tito Livio con il nome di «Fossa Graeca» , e oggi conosciuto con il nome di «Mazzoni», il territorio ove sorge Santa Maria la Fossa era famoso nell'antichità per le coltivazioni di rose. Dal Settecento Santa Maria la Fossa fu unificata con i centri di Grazzanise e Brezza e nel 1805 contava appena 500 abitanti. Maria La Fossa, è quello di valorizzare l’intera struttura per finalità agroalimentare con il recupero di tutte le infrastrutture e i terreni agricoli. L'edificio sorge in località Ferrandelle, nel Comune di Santa Maria la Fossa, su un'area agricola di circa 13 ettari, confiscata a Francesco Schiavone, «Sandokan»."
91,Medievale,XV,1464.0,"Il nome deriva da Colonia Julia Felix Classica Suessa, città appartenente alla Pentapoli Aurunca, nucleo storico del centro. Si presume che il nome possa derivare dalla felice posizione (sessio, cioè sedile, dolce collina dal clima mite)","Sessa Aurunca è di antichissima origine come confermano tracce di insediamenti preistorici e le necropoli dell'VIII secolo a. la postazione fu abbandonata, sotto la pressione dei Sidicini, in favore della zona dell'attuale centro storico di Sessa. Cicerone menziona Suessa come di un'importante città. Cesare distribuì le terre di Sessa fra i suoi veterani qui, per cui la città assume in alcuni testi il nome di Colonia Julia Felix Classica Suessa. Al declinare dell'Impero romano, Sessa - diocesi almeno dal V secolo - vive un periodo di decadenza. Tra il XIV e il XV secolo i Marzano, signori di buona parte di Terra di Lavoro e una delle più potenti famiglie del Regno di Napoli, fecero di Sessa la capitale dei loro feudi."
92,Medievale,X,988.0,"il nome viene da le parole di suono germanico ""Spara-nisi"" che significano ""cinta di siepi"", probabilmente perché i primi abitanti cinsero la villa di folte siepi, a guisa di trincea, per difendersi da eventuali incursioni o assalti de le genti de i territori vicini.","Sparanise rappresenta parte del territorio dell’antica Cales, fu con molta probabilità popolata fin dall’antichità. I primi ritrovamenti della presenza umana sul territorio di Sparanise risalgono all’Eneolitico finale , come dimostra il rinvenimento di una tomba «a fossa» della facies del Gaudo, scoperta in località Ciommentolara. Il ritrovamento di iscrizioni in lingua osca e le isolate certificazioni di materiale archeologico, fanno credere che il territorio fosse abitato anche in età arcaica e classica."
93,Medievale,XII,1121.0,"Il suo nome proviene dal latino ""sub se civus ager"" (da cui Succivo) che indicava il terreno non buono in quanto rimanenza di terreni non centuriati e non assegnabili perciò incolti.","I documenti più antichi rinvenuti in cui si fa menzione di Teverolaccio risalgono al 1522 In quest'epoca suo proprietario era il barone Giovan Battista Palumbo. Noto anche come Castello di Teverolaccio, Piano di Teverolaccio, Borgo di Teverolaccio' e Casale di Teverolaccio, è situato a circa 500 metri dal centro di Succivo. La torre aragonese costituisce il primitivo nucleo di Teverolaccio, cui successivamente è stato accostato il palazzo ora visibile."
94,,IV,,"La denominazione attuale deriva da quella passata di Teanum Sidicinum, dalla popolazione dei Sidicini.","Il territorio era stato frequentato in epoca protostorica e la città venne fondata nel IV secolo a. Secondo Strabone era in epoca augustea la maggiore città della parte interna della Campania dopo Capua. I monaci portarono con loro parte del tesoro abbaziale e l'originale della regola scritta dal fondatore e per circa 30 anni rimasero a Teano, finché un incendio distrusse il monastero e la regola. Federico II, dopo la sua incoronazione ad imperatore, rese demaniali le città di Sessa Aurunca, Teano e Mondragone. Successivamente, mentre Federico era impegnato in Siria per la crociata, l'esercito papale ne approfittò per impadronirsi con la forza di Teano, Calvi e tutte le «terre dei figli di Pandolfo», cioè del territorio dell'antica contea longobarda di Teano."
95,Medievale,VI,,"Stando a nozioni storiche le origini del nome di Teverola pare che derivino dalla famiglia Tuberani, famiglia romana che aveva seguito Gaio Giulio Cesare nella conquista iberica e trovandosi di passaggio decisero di stabilirsi nei pressi della mansio di Casaluce.","È ignoto l'anno della fondazione di Teverola;La sua storia è ovviamente la storia di questo territorio e dei centri che lo compongono. Le popolazioni vivevano lungo il corso del fiume Clanio, fiume che sicuramente scorreva anche nel territorio di Teverola. Nei secoli a venire il nome cambiò più volte, diventando Tuberniola, Tuberoila, Teberola, Tiburola, Tuberola, per finire in Teverola, nome attuale, la cui prima comparsa figura in un documento del 1520."
96,Romana,III,269.0,"Il nome del paese si riferisce a due numeri che sono le misure di un fondo dell'ager Campanus, ossia triginta (trenta iugeri) e ducenta (duecento).","Tora e Piccilli sorge lungo le pendici del complesso vulcanico di Roccamonfina, antichissima area eruttiva estintasi all'incirca ventitré secoli fa, al 269 a.C.. Le truppe romane ebbero il definitivo sopravvento su questi popoli nel III secolo a.C. ed iniziarono la colonizzazione di tutto il territorio campano."
97,Medievale,X,,"Le denominazioni di ciascuna delle due storiche località comunali, e quindi l'etimologia dei nomi ""Trentola"" e ""Ducenta"", deriva, molto probabilmente, dalla quantità di ""iugeri"" che costituivano un fondo. Ducenta era composta infatti da 200 iugeri, mentre Trentola da 30 iugeri.","La prima informazione storica su Ducenta, pur essendo più antica di Trentola, si ha su di un Diploma dei Principi di Capua – secolo X. Il feudo di Trentola ebbe vita travagliata, come la maggior parte dei centri minori del Regno. Tra i feudatari segnaliamo: i baroni Rizzo di Napoli, i conti Gaetani, i Pignatelli di Monteleone , i Parise , ed infine i Masola . Nel 1637 Domenico Masola venne investito del titolo di marchese di Trentola da Re Filippo IV di Spagna ."
98,Medievale,XI,1191.0,"Vairano Patenora è un comune italiano di 6 563 abitanti della provincia di Caserta in Campania. Il toponimo ""Vairano"" deriva dal nome latino di persona Varius a cui si aggiunge il suffisso -anus, indicante possesso. Quindi Vairano significa: ""terra di Vario"".","Nell'XI secolo i normanni vi eressero un castello, che fece probabilmente parte del demanio regio e che l'imperatore Enrico IV donò a Roffredo dell'Isola, abate di Montecassino, il 20 maggio del 1191 . In seguito furono brevemente ospiti del castello Federico II di Svevia, Carlo II d'Angiò e il papa Gregorio X. Nel 1460 resistette nuovamente ad un secondo assedio da parte degli angioini, durante la guerra tra il re di Napoli, Ferrante I d'Aragona e il suo rivale Giovanni d'Angiò, ma l'anno successivo il castello fu quasi totalmente distrutto da Marino Marzano, oppositore degli aragonesi e la città rimase depopulata et dehabitata."
99,Medievale,XIV,,"Questo nome fu assegnato dall'amministrazione e descrive la zona: una valle agricola, ossia buona da coltivare.","Valle Agricola è un borgo di antichissime origini. In epoca sannita era tappa obbligata per i pastori che provenivano dalla bassa valle del fiume Lete in direzione dei pascoli montani. I cittadini di Valle infatti già nel XIV secolo prestarono giuramento ai conti Pandone, signori di Prata. Nel 1980, seppure con una lieve maggioranza, i valligiani rifiutarono il mutamento del nome in «Valle Matese»."
100,Medievale,XIII,,"Il nome ha una chiara origine: deriva dal latino vallis valle. La specifica Maddaloni identifica la zona. In passato era conosciuto con il nome di Valle Tifantina, in riferimento ai monti limitrofi.","Non si conosce l'epoca di fondazione di Valle di Maddaloni, ma la sua nascita è probabilmente legata alla presenza del castello edificato su un'altura poco distante dal nucleo abitativo originario in epoca alto medievale (XIII secolo circa). È uno dei luoghi dove si svolse nel 1860 la battaglia del Volturno."
101,Romana,,,"Nel 1927 su impulso del governo Mussolini la cittadina assunse la denominazione di Villa Literno, dal sito archeologico di Liternum, situato sulla rive del lago Patria nell'omonima località frazione della città di Giugliano in Campania.","Il nome originario dell'odierna Villa Literno fu, dunque, quello di Vico Feniculenze. Dopo la dominazione normanna, Vico di Pantano passò agli Svevi fino al 1266. All'epoca Vico di Pantano comprendeva le Chiese di San Tammaro, di S. Maria da Savilone, di San Pietro, di San Marco e di Santa Maria del Pantano."
102,Contemporanea,XX,1950.0,"Il Paese in passato era conosciuto con il nome di Frignano minore (piccolo), fin quando il consiglio comunale del 17 novembre 1950 presieduto dal Sindaco Costantino Vanacore, decise di cambiarlo in quello attuale che deriva dal latino vallis valle e dal nome di persona 'Ambriano' che con il tempo è divenuto Mbriano poi Briano.","Il Paese in passato era conosciuto con il nome di Frignano minore , fin quando il consiglio comunale del 17 novembre 1950 presieduto dal Sindaco Costantino Vanacore, decise di cambiarlo in quello attuale che deriva dal latino vallis valle e dal nome di persona 'Ambriano' che con il tempo è divenuto Mbriano poi Briano. I partecipanti solitamente giungono nel paese accompagnati da variopinti carri festanti ricchi di iconografie sacre, danzando e cantando sulle note di famosi canti popolari."
103,Moderna,IX,1806.0,Il nome iniziale era Vitulaccio ma poi dal 1º gennaio 1883 il paese assunse la nuova denominazione di Vitulazio.,"Le sue origini si fanno risalire al III secolo d.C. ed era un vicus romano, cioè un'unità minima insediativa, non murata, con carattere esclusivamente agricolo. La storia di Vitulazio è legata a quella di Capua. Infatti, già nel X secolo, Vitulazio era annoverato tra i casali (traduzione medioevale dei vicus romani) di Capua."
